timestamp,current,temp_surf,temp_env
0,200.0,25.0,25.0
1,200.0,25.033305570981227,25.0
2,200.0,25.066555678909534,25.0
3,200.0,25.099750416146353,25.0
4,200.0,25.132889874899313,25.0
5,200.0,25.16597414722248,25.0
6,200.0,25.199003325016637,25.0
7,200.0,25.231977500029522,25.0
8,200.0,25.264896763856086,25.0
9,200.0,25.29776120793875,25.0
10,200.0,25.33057092356765,25.0
11,200.0,25.363326001880917,25.0
12,200.0,25.396026533864895,25.0
13,200.0,25.42867261035442,25.0
14,200.0,25.46126432203305,25.0
15,200.0,25.493801759433346,25.0
16,200.0,25.5262850129371,25.0
17,200.0,25.558714172775588,25.0
18,200.0,25.59108932902984,25.0
19,200.0,25.623410571630853,25.0
20,200.0,25.655677990359884,25.0
21,200.0,25.68789167484867,25.0
22,200.0,25.720051714579693,25.0
23,200.0,25.752158198886413,25.0
24,200.0,25.784211216953537,25.0
25,200.0,25.816210857817236,25.0
26,200.0,25.84815721036543,25.0
27,200.0,25.880050363338,25.0
28,200.0,25.911890405327068,25.0
29,200.0,25.943677424777206,25.0
30,200.0,25.97541150998572,25.0
31,200.0,26.00709274910286,25.0
32,200.0,26.03872123013209,25.0
33,200.0,26.070297040930324,25.0
34,200.0,26.101820269208165,25.0
35,200.0,26.133291002530157,25.0
36,200.0,26.164709328315027,25.0
37,200.0,26.196075333835918,25.0
38,200.0,26.227389106220645,25.0
39,200.0,26.258650732451933,25.0
40,200.0,26.289860299367646,25.0
41,200.0,26.32101789366105,25.0
42,200.0,26.352123601881033,25.0
43,200.0,26.38317751043237,25.0
44,200.0,26.41417970557593,25.0
45,200.0,26.445130273428944,25.0
46,200.0,26.47602929996523,25.0
47,200.0,26.506876871015436,25.0
48,200.0,26.537673072267285,25.0
49,200.0,26.568417989265797,25.0
50,200.0,26.599111707413535,25.0
51,200.0,26.629754311970853,25.0
52,200.0,26.660345888056113,25.0
53,200.0,26.69088652064594,25.0
54,200.0,26.721376294575435,25.0
55,200.0,26.751815294538442,25.0
56,200.0,26.78220360508776,25.0
57,200.0,26.81254131063537,25.0
58,200.0,26.842828495452707,25.0
59,200.0,26.873065243670858,25.0
60,200.0,26.90325163928081,25.0
61,200.0,26.933387766133674,25.0
62,200.0,26.963473707940942,25.0
63,200.0,26.993509548274687,25.0
64,200.0,27.023495370567822,25.0
65,200.0,27.05343125811432,25.0
66,200.0,27.083317294069435,25.0
67,200.0,27.11315356144996,25.0
68,200.0,27.14294014313443,25.0
69,200.0,27.172677121863373,25.0
70,200.0,27.202364580239525,25.0
71,200.0,27.232002600728066,25.0
72,200.0,27.26159126565685,25.0
73,200.0,27.291130657216634,25.0
74,200.0,27.3206208574613,25.0
75,200.0,27.350061948308092,25.0
76,200.0,27.379454011537835,25.0
77,200.0,27.40879712879517,25.0
78,200.0,27.438091381588773,25.0
79,200.0,27.467336851291588,25.0
80,200.0,27.49653361914105,25.0
81,200.0,27.525681766239313,25.0
82,200.0,27.554781373553464,25.0
83,200.0,27.58383252191577,25.0
84,200.0,27.61283529202388,25.0
85,200.0,27.64178976444107,25.0
86,200.0,27.670696019596445,25.0
87,200.0,27.699554137785174,25.0
88,200.0,27.728364199168716,25.0
89,200.0,27.757126283775044,25.0
90,200.0,27.785840471498844,25.0
91,200.0,27.814506842101775,25.0
92,200.0,27.843125475212666,25.0
93,200.0,27.87169645032773,25.0
94,200.0,27.90021984681081,25.0
95,200.0,27.928695743893577,25.0
96,200.0,27.957124220675773,25.0
97,200.0,27.985505356125397,25.0
98,200.0,28.01383922907896,25.0
99,200.0,28.042125918241684,25.0
100,200.0,28.070365502187716,25.0
101,200.0,28.098558059360375,25.0
102,200.0,28.126703668072327,25.0
103,200.0,28.15480240650584,25.0
104,200.0,28.182854352712987,25.0
105,200.0,28.210859584615854,25.0
106,200.0,28.23881818000677,25.0
107,200.0,28.26673021654852,25.0
108,200.0,28.29459577177456,25.0
109,200.0,28.32241492308922,25.0
110,200.0,28.350187747767947,25.0
111,200.0,28.377914322957487,25.0
112,200.0,28.405594725676124,25.0
113,200.0,28.433229032813887,25.0
114,200.0,28.460817321132755,25.0
115,200.0,28.488359667266877,25.0
116,200.0,28.515856147722793,25.0
117,200.0,28.54330683887963,25.0
118,200.0,28.57071181698933,25.0
119,200.0,28.598071158176847,25.0
120,200.0,28.625384938440362,25.0
121,200.0,28.652653233651513,25.0
122,200.0,28.67987611955558,25.0
123,200.0,28.70705367177171,25.0
124,200.0,28.734185965793117,25.0
125,200.0,28.7612730769873,25.0
126,200.0,28.78831508059626,25.0
127,200.0,28.815312051736683,25.0
128,200.0,28.842264065400176,25.0
129,200.0,28.86917119645346,25.0
130,200.0,28.89603351963859,25.0
131,200.0,28.922851109573138,25.0
132,200.0,28.94962404075043,25.0
133,200.0,28.976352387539738,25.0
134,200.0,29.003036224186484,25.0
135,200.0,29.02967562481246,25.0
136,200.0,29.05627066341601,25.0
137,200.0,29.082821413872264,25.0
138,200.0,29.10932794993332,25.0
139,200.0,29.135790345228465,25.0
140,200.0,29.162208673264367,25.0
141,200.0,29.188583007425287,25.0
142,200.0,29.21491342097329,25.0
143,200.0,29.241199987048418,25.0
144,200.0,29.26744277866893,25.0
145,200.0,29.293641868731495,25.0
146,200.0,29.31979733001137,25.0
147,200.0,29.345909235162637,25.0
148,200.0,29.37197765671838,25.0
149,200.0,29.398002667090896,25.0
150,200.0,29.423984338571902,25.0
151,200.0,29.44992274333272,25.0
152,200.0,29.475817953424496,25.0
153,200.0,29.50167004077838,25.0
154,200.0,29.527479077205747,25.0
155,200.0,29.55324513439838,25.0
156,200.0,29.578968283928674,25.0
157,200.0,29.60464859724984,25.0
158,200.0,29.630286145696104,25.0
159,200.0,29.655881000482886,25.0
160,200.0,29.681433232707025,25.0
161,200.0,29.706942913346964,25.0
162,200.0,29.732410113262937,25.0
163,200.0,29.757834903197185,25.0
164,200.0,29.78321735377414,25.0
165,200.0,29.808557535500633,25.0
166,200.0,29.83385551876606,25.0
167,200.0,29.859111373842623,25.0
168,200.0,29.88432517088549,25.0
169,200.0,29.909496979933003,25.0
170,200.0,29.934626870906865,25.0
171,200.0,29.95971491361235,25.0
172,200.0,29.984761177738477,25.0
173,200.0,30.00976573285822,25.0
174,200.0,30.034728648428697,25.0
175,200.0,30.059649993791346,25.0
176,200.0,30.084529838172156,25.0
177,200.0,30.10936825068181,25.0
178,200.0,30.134165300315924,25.0
179,200.0,30.158921055955197,25.0
180,200.0,30.183635586365643,25.0
181,200.0,30.208308960198742,25.0
182,200.0,30.232941245991668,25.0
183,200.0,30.257532512167444,25.0
184,200.0,30.28208282703517,25.0
185,200.0,30.306592258790168,25.0
186,200.0,30.331060875514215,25.0
187,200.0,30.355488745175705,25.0
188,200.0,30.379875935629855,25.0
189,200.0,30.404222514618866,25.0
190,200.0,30.42852854977214,25.0
191,200.0,30.452794108606465,25.0
192,200.0,30.47701925852618,25.0
193,200.0,30.50120406682339,25.0
194,200.0,30.52534860067812,25.0
195,200.0,30.549452927158555,25.0
196,200.0,30.57351711322116,25.0
197,200.0,30.597541225710913,25.0
198,200.0,30.621525331361475,25.0
199,200.0,30.645469496795382,25.0
200,200.0,30.669373788524215,25.0
201,200.0,30.693238272948804,25.0
202,200.0,30.71706301635939,25.0
203,200.0,30.74084808493584,25.0
204,200.0,30.764593544747807,25.0
205,200.0,30.788299461754907,25.0
206,200.0,30.81196590180693,25.0
207,200.0,30.835592930644,25.0
208,200.0,30.859180613896772,25.0
209,200.0,30.882729017086596,25.0
210,200.0,30.906238205625733,25.0
211,200.0,30.929708244817483,25.0
212,200.0,30.953139199856423,25.0
213,200.0,30.97653113582855,25.0
214,200.0,30.99988411771149,25.0
215,200.0,31.023198210374634,25.0
216,200.0,31.04647347857938,25.0
217,200.0,31.06970998697926,25.0
218,200.0,31.092907800120145,25.0
219,200.0,31.116066982440422,25.0
220,200.0,31.13918759827117,25.0
221,200.0,31.16226971183633,25.0
222,200.0,31.185313387252904,25.0
223,200.0,31.20831868853112,25.0
224,200.0,31.231285679574597,25.0
225,200.0,31.254214424180553,25.0
226,200.0,31.277104986039966,25.0
227,200.0,31.299957428737734,25.0
228,200.0,31.322771815752883,25.0
229,200.0,31.345548210458727,25.0
230,200.0,31.36828667612304,25.0
231,200.0,31.390987275908245,25.0
232,200.0,31.41365007287158,25.0
233,200.0,31.436275129965267,25.0
234,200.0,31.458862510036706,25.0
235,200.0,31.48141227582863,25.0
236,200.0,31.503924489979298,25.0
237,200.0,31.526399215022646,25.0
238,200.0,31.548836513388487,25.0
239,200.0,31.571236447402658,25.0
240,200.0,31.593599079287213,25.0
241,200.0,31.615924471160593,25.0
242,200.0,31.638212685037786,25.0
243,200.0,31.66046378283051,25.0
244,200.0,31.682677826347394,25.0
245,200.0,31.704854877294114,25.0
246,200.0,31.726994997273614,25.0
247,200.0,31.749098247786236,25.0
248,200.0,31.771164690229917,25.0
249,200.0,31.793194385900343,25.0
250,200.0,31.815187395991124,25.0
251,200.0,31.837143781593973,25.0
252,200.0,31.859063603698864,25.0
253,200.0,31.880946923194205,25.0
254,200.0,31.902793800867006,25.0
255,200.0,31.924604297403054,25.0
256,200.0,31.946378473387078,25.0
257,200.0,31.968116389302914,25.0
258,200.0,31.98981810553367,25.0
259,200.0,32.01148368236191,25.0
260,200.0,32.0331131799698,25.0
261,200.0,32.05470665843931,25.0
262,200.0,32.076264177752314,25.0
263,200.0,32.09778579779084,25.0
264,200.0,32.11927157833717,25.0
265,200.0,32.140721579074054,25.0
266,200.0,32.16213585958483,25.0
267,200.0,32.183514479353626,25.0
268,200.0,32.20485749776551,25.0
269,200.0,32.226164974106666,25.0
270,200.0,32.24743696756453,25.0
271,200.0,32.268673537228,25.0
272,200.0,32.28987474208755,25.0
273,200.0,32.31104064103543,25.0
274,200.0,32.33217129286583,25.0
275,200.0,32.353266756275005,25.0
276,200.0,32.37432708986148,25.0
277,200.0,32.395352352126196,25.0
278,200.0,32.41634260147268,25.0
279,200.0,32.437297896207184,25.0
280,200.0,32.45821829453888,25.0
281,200.0,32.47910385457999,25.0
282,200.0,32.49995463434598,25.0
283,200.0,32.5207706917557,25.0
284,200.0,32.54155208463154,25.0
285,200.0,32.5622988706996,25.0
286,200.0,32.58301110758986,25.0
287,200.0,32.60368885283632,25.0
288,200.0,32.624332163877185,25.0
289,200.0,32.644941098054986,25.0
290,200.0,32.66551571261678,25.0
291,200.0,32.68605606471429,25.0
292,200.0,32.706562211404076,25.0
293,200.0,32.72703420964764,25.0
294,200.0,32.74747211631168,25.0
295,200.0,32.76787598816816,25.0
296,200.0,32.788245881894525,25.0
297,200.0,32.808581854073815,25.0
298,200.0,32.82888396119486,25.0
299,200.0,32.84915225965242,25.0
300,200.0,32.86938680574733,25.0
301,200.0,32.88958765568668,25.0
302,200.0,32.909754865583956,25.0
303,200.0,32.92988849145919,25.0
304,200.0,32.94998858923914,25.0
305,200.0,32.97005521475742,25.0
306,200.0,32.990088423754685,25.0
307,200.0,33.01008827187873,25.0
308,200.0,33.0300548146847,25.0
309,200.0,33.04998810763525,25.0
310,200.0,33.06988820610063,25.0
311,200.0,33.089755165358916,25.0
312,200.0,33.10958904059611,25.0
313,200.0,33.12938988690633,25.0
314,200.0,33.14915775929194,25.0
315,200.0,33.1688927126637,25.0
316,200.0,33.18859480184094,25.0
317,200.0,33.208264081551704,25.0
318,200.0,33.2279006064329,25.0
319,200.0,33.24750443103042,25.0
320,200.0,33.26707560979936,25.0
321,200.0,33.28661419710413,25.0
322,200.0,33.306120247218566,25.0
323,200.0,33.325593814326176,25.0
324,200.0,33.34503495252021,25.0
325,200.0,33.36444371580383,25.0
326,200.0,33.3838201580903,25.0
327,200.0,33.40316433320307,25.0
328,200.0,33.42247629487598,25.0
329,200.0,33.441756096753366,25.0
330,200.0,33.461003792390265,25.0
331,200.0,33.4802194352525,25.0
332,200.0,33.49940307871687,25.0
333,200.0,33.518554776071284,25.0
334,200.0,33.53767458051491,25.0
335,200.0,33.55676254515834,25.0
336,200.0,33.5758187230237,25.0
337,200.0,33.59484316704484,25.0
338,200.0,33.61383593006744,25.0
339,200.0,33.632797064849186,25.0
340,200.0,33.651726624059926,25.0
341,200.0,33.67062466028176,25.0
342,200.0,33.68949122600926,25.0
343,200.0,33.708326373649555,25.0
344,200.0,33.72713015552252,25.0
345,200.0,33.745902623860886,25.0
346,200.0,33.764643830810414,25.0
347,200.0,33.78335382843004,25.0
348,200.0,33.80203266869196,25.0
349,200.0,33.82068040348187,25.0
350,200.0,33.83929708459906,25.0
351,200.0,33.85788276375652,25.0
352,200.0,33.87643749258116,25.0
353,200.0,33.89496132261391,25.0
354,200.0,33.913454305309855,25.0
355,200.0,33.93191649203841,25.0
356,200.0,33.95034793408344,25.0
357,200.0,33.96874868264341,25.0
358,200.0,33.9871187888315,25.0
359,200.0,34.00545830367582,25.0
360,200.0,34.02376727811947,25.0
361,200.0,34.042045763020724,25.0
362,200.0,34.060293809153166,25.0
363,200.0,34.078511467205814,25.0
364,200.0,34.096698787783296,25.0
365,200.0,34.11485582140595,25.0
366,200.0,34.132982618510006,25.0
367,200.0,34.151079229447674,25.0
368,200.0,34.16914570448734,25.0
369,200.0,34.18718209381367,25.0
370,200.0,34.205188447527746,25.0
371,200.0,34.22316481564724,25.0
372,200.0,34.241111248106506,25.0
373,200.0,34.259027794756776,25.0
374,200.0,34.27691450536623,25.0
375,200.0,34.2947714296202,25.0
376,200.0,34.312598617121246,25.0
377,200.0,34.33039611738936,25.0
378,200.0,34.34816397986206,25.0
379,200.0,34.36590225389451,25.0
380,200.0,34.38361098875972,25.0
381,200.0,34.40129023364863,25.0
382,200.0,34.41894003767026,25.0
383,200.0,34.43656044985186,25.0
384,200.0,34.45415151913903,25.0
385,200.0,34.471713294395855,25.0
386,200.0,34.48924582440507,25.0
387,200.0,34.50674915786814,25.0
388,200.0,34.52422334340547,25.0
389,200.0,34.54166842955645,25.0
390,200.0,34.55908446477968,25.0
391,200.0,34.57647149745304,25.0
392,200.0,34.59382957587386,25.0
393,200.0,34.61115874825904,25.0
394,200.0,34.628459062745165,25.0
395,200.0,34.64573056738868,25.0
396,200.0,34.66297331016602,25.0
397,200.0,34.68018733897367,25.0
398,200.0,34.69737270162841,25.0
399,200.0,34.71452944586736,25.0
400,200.0,34.731657619348155,25.0
401,200.0,34.748757269649076,25.0
402,200.0,34.76582844426915,25.0
403,200.0,34.78287119062832,25.0
404,200.0,34.799885556067565,25.0
405,200.0,34.816871587849015,25.0
406,200.0,34.8338293331561,25.0
407,200.0,34.8507588390937,25.0
408,200.0,34.86766015268821,25.0
409,200.0,34.88453332088774,25.0
410,200.0,34.90137839056221,25.0
411,200.0,34.91819540850349,25.0
412,200.0,34.93498442142554,25.0
413,200.0,34.9517454759645,25.0
414,200.0,34.96847861867889,25.0
415,200.0,34.985183896049655,25.0
416,200.0,35.001861354480354,25.0
417,200.0,35.018511040297284,25.0
418,200.0,35.035132999749564,25.0
419,200.0,35.051727279009334,25.0
420,200.0,35.06829392417181,25.0
421,200.0,35.084832981255474,25.0
422,200.0,35.101344496202145,25.0
423,200.0,35.11782851487716,25.0
424,200.0,35.134285083069486,25.0
425,200.0,35.1507142464918,25.0
426,200.0,35.1671160507807,25.0
427,200.0,35.18349054149674,25.0
428,200.0,35.199837764124645,25.0
429,200.0,35.21615776407337,25.0
430,200.0,35.23245058667626,25.0
431,200.0,35.248716277191164,25.0
432,200.0,35.264954880800566,25.0
433,200.0,35.28116644261171,25.0
434,200.0,35.29735100765673,25.0
435,200.0,35.31350862089275,25.0
436,200.0,35.329639327202045,25.0
437,200.0,35.345743171392144,25.0
438,200.0,35.36182019819595,25.0
439,200.0,35.37787045227189,25.0
440,200.0,35.39389397820401,25.0
441,200.0,35.40989082050211,25.0
442,200.0,35.4258610236019,25.0
443,200.0,35.44180463186502,25.0
444,200.0,35.457721689579316,25.0
445,200.0,35.47361224095883,25.0
446,200.0,35.489476330144,25.0
447,200.0,35.505314001201754,25.0
448,200.0,35.521125298125625,25.0
449,200.0,35.536910264835896,25.0
450,200.0,35.552668945179704,25.0
451,200.0,35.568401382931185,25.0
452,200.0,35.58410762179154,25.0
453,200.0,35.59978770538924,25.0
454,200.0,35.61544167728008,25.0
455,200.0,35.63106958094732,25.0
456,200.0,35.646671459801816,25.0
457,200.0,35.66224735718213,25.0
458,200.0,35.677797316354656,25.0
459,200.0,35.69332138051373,25.0
460,200.0,35.70881959278177,25.0
461,200.0,35.724291996209374,25.0
462,200.0,35.73973863377544,25.0
463,200.0,35.75515954838731,25.0
464,200.0,35.77055478288088,25.0
465,200.0,35.78592438002069,25.0
466,200.0,35.80126838250006,25.0
467,200.0,35.816586832941255,25.0
468,200.0,35.83187977389553,25.0
469,200.0,35.847147247843274,25.0
470,200.0,35.862389297194156,25.0
471,200.0,35.87760596428721,25.0
472,200.0,35.89279729139097,25.0
473,200.0,35.90796332070357,25.0
474,200.0,35.92310409435288,25.0
475,200.0,35.93821965439662,25.0
476,200.0,35.95331004282246,25.0
477,200.0,35.96837530154815,25.0
478,200.0,35.983415472421655,25.0
479,200.0,35.99843059722123,25.0
480,200.0,36.01342071765557,25.0
481,200.0,36.028385875363895,25.0
482,200.0,36.04332611191611,25.0
483,200.0,36.058241468812874,25.0
484,200.0,36.073131987485745,25.0
485,200.0,36.087997709297284,25.0
486,200.0,36.10283867554118,25.0
487,200.0,36.11765492744233,25.0
488,200.0,36.132446506157024,25.0
489,200.0,36.147213452772974,25.0
490,200.0,36.16195580830949,25.0
491,200.0,36.176673613717576,25.0
492,200.0,36.19136690988002,25.0
493,200.0,36.20603573761154,25.0
494,200.0,36.22068013765891,25.0
495,200.0,36.235300150701015,25.0
496,200.0,36.249895817349014,25.0
497,200.0,36.26446717814643,25.0
498,200.0,36.27901427356929,25.0
499,200.0,36.29353714402619,25.0
500,200.0,36.30803582985844,25.0
501,200.0,36.32251037134019,25.0
502,200.0,36.33696080867849,25.0
503,200.0,36.351387182013475,25.0
504,200.0,36.36578953141841,25.0
505,200.0,36.38016789689981,25.0
506,200.0,36.39452231839762,25.0
507,200.0,36.40885283578522,25.0
508,200.0,36.423159488869615,25.0
509,200.0,36.437442317391515,25.0
510,200.0,36.451701361025464,25.0
511,200.0,36.46593665937992,25.0
512,200.0,36.480148251997385,25.0
513,200.0,36.494336178354516,25.0
514,200.0,36.50850047786223,25.0
515,200.0,36.52264118986581,25.0
516,200.0,36.53675835364503,25.0
517,200.0,36.550852008414225,25.0
518,200.0,36.56492219332245,25.0
519,200.0,36.578968947453575,25.0
520,200.0,36.592992309826364,25.0
521,200.0,36.60699231939461,25.0
522,200.0,36.62096901504722,25.0
523,200.0,36.63492243560839,25.0
524,200.0,36.6488526198376,25.0
525,200.0,36.66275960642983,25.0
526,200.0,36.67664343401562,25.0
527,200.0,36.690504141161135,25.0
528,200.0,36.70434176636837,25.0
529,200.0,36.71815634807518,25.0
530,200.0,36.731947924655415,25.0
531,200.0,36.745716534419,25.0
532,200.0,36.75946221561211,25.0
533,200.0,36.77318500641718,25.0
534,200.0,36.78688494495309,25.0
535,200.0,36.80056206927523,25.0
536,200.0,36.81421641737563,25.0
537,200.0,36.82784802718303,25.0
538,200.0,36.841456936563034,25.0
539,200.0,36.855043183318166,25.0
540,200.0,36.868606805188016,25.0
541,200.0,36.882147839849324,25.0
542,200.0,36.89566632491607,25.0
543,200.0,36.90916229793962,25.0
544,200.0,36.9226357964088,25.0
545,200.0,36.93608685775,25.0
546,200.0,36.94951551932728,25.0
547,200.0,36.962921818442496,25.0
548,200.0,36.976305792335374,25.0
549,200.0,36.98966747818362,25.0
550,200.0,37.00300691310305,25.0
551,200.0,37.01632413414765,25.0
552,200.0,37.029619178309716,25.0
553,200.0,37.04289208251993,25.0
554,200.0,37.056142883647475,25.0
555,200.0,37.06937161850014,25.0
556,200.0,37.082578323824436,25.0
557,200.0,37.09576303630564,25.0
558,200.0,37.10892579256798,25.0
559,200.0,37.12206662917467,25.0
560,200.0,37.13518558262804,25.0
561,200.0,37.14828268936963,25.0
562,200.0,37.16135798578032,25.0
563,200.0,37.17441150818037,25.0
564,200.0,37.18744329282958,25.0
565,200.0,37.20045337592735,25.0
566,200.0,37.21344179361282,25.0
567,200.0,37.22640858196494,25.0
568,200.0,37.23935377700256,25.0
569,200.0,37.25227741468457,25.0
570,200.0,37.265179530909975,25.0
571,200.0,37.27806016151799,25.0
572,200.0,37.290919342288156,25.0
573,200.0,37.30375710894043,25.0
574,200.0,37.31657349713528,25.0
575,200.0,37.32936854247379,25.0
576,200.0,37.34214228049776,25.0
577,200.0,37.35489474668981,25.0
578,200.0,37.36762597647346,25.0
579,200.0,37.38033600521325,25.0
580,200.0,37.39302486821483,25.0
581,200.0,37.40569260072503,25.0
582,200.0,37.418339237932024,25.0
583,200.0,37.43096481496536,25.0
584,200.0,37.443569366896085,25.0
585,200.0,37.45615292873686,25.0
586,200.0,37.46871553544203,25.0
587,200.0,37.48125722190774,25.0
588,200.0,37.49377802297201,25.0
589,200.0,37.506277973414846,25.0
590,200.0,37.51875710795835,25.0
591,200.0,37.53121546126678,25.0
592,200.0,37.54365306794669,25.0
593,200.0,37.556069962547,25.0
594,200.0,37.56846617955908,25.0
595,200.0,37.58084175341689,25.0
596,200.0,37.59319671849702,25.0
597,200.0,37.60553110911882,25.0
598,200.0,37.617844959544506,25.0
599,200.0,37.63013830397922,25.0
600,200.0,37.64241117657115,25.0
601,200.0,37.65466361141162,25.0
602,200.0,37.66689564253518,25.0
603,200.0,37.67910730391969,25.0
604,200.0,37.691298629486454,25.0
605,200.0,37.703469653100264,25.0
606,200.0,37.715620408569535,25.0
607,200.0,37.72775092964636,25.0
608,200.0,37.73986125002665,25.0
609,200.0,37.75195140335019,25.0
610,200.0,37.764021423200745,25.0
611,200.0,37.77607134310616,25.0
612,200.0,37.788101196538435,25.0
613,200.0,37.80011101691384,25.0
614,200.0,37.81210083759299,25.0
615,200.0,37.82407069188096,25.0
616,200.0,37.83602061302736,25.0
617,200.0,37.8479506342264,25.0
618,200.0,37.859860788617056,25.0
619,200.0,37.87175110928308,25.0
620,200.0,37.88362162925316,25.0
621,200.0,37.895472381500966,25.0
622,200.0,37.907303398945274,25.0
623,200.0,37.919114714450004,25.0
624,200.0,37.930906360824395,25.0
625,200.0,37.94267837082302,25.0
626,200.0,37.954430777145916,25.0
627,200.0,37.96616361243866,25.0
628,200.0,37.977876909292476,25.0
629,200.0,37.9895707002443,25.0
630,200.0,38.001245017776895,25.0
631,200.0,38.01289989431893,25.0
632,200.0,38.02453536224506,25.0
633,200.0,38.036151453876045,25.0
634,200.0,38.047748201478825,25.0
635,200.0,38.05932563726657,25.0
636,200.0,38.07088379339885,25.0
637,200.0,38.082422701981656,25.0
638,200.0,38.093942395067515,25.0
639,200.0,38.1054429046556,25.0
640,200.0,38.116924262691754,25.0
641,200.0,38.128386501068654,25.0
642,200.0,38.13982965162587,25.0
643,200.0,38.15125374614992,25.0
644,200.0,38.16265881637442,25.0
645,200.0,38.174044893980124,25.0
646,200.0,38.18541201059504,25.0
647,200.0,38.19676019779448,25.0
648,200.0,38.20808948710122,25.0
649,200.0,38.21939990998549,25.0
650,200.0,38.23069149786515,25.0
651,200.0,38.24196428210574,25.0
652,200.0,38.25321829402054,25.0
653,200.0,38.264453564870706,25.0
654,200.0,38.27567012586533,25.0
655,200.0,38.28686800816154,25.0
656,200.0,38.29804724286457,25.0
657,200.0,38.30920786102784,25.0
658,200.0,38.32034989365311,25.0
659,200.0,38.33147337169044,25.0
660,200.0,38.34257832603841,25.0
661,200.0,38.35366478754411,25.0
662,200.0,38.364732787003284,25.0
663,200.0,38.37578235516038,25.0
664,200.0,38.38681352270864,25.0
665,200.0,38.39782632029022,25.0
666,200.0,38.40882077849622,25.0
667,200.0,38.419796927866805,25.0
668,200.0,38.4307547988913,25.0
669,200.0,38.441694422008226,25.0
670,200.0,38.45261582760545,25.0
671,200.0,38.4635190460202,25.0
672,200.0,38.474404107539215,25.0
673,200.0,38.485271042398765,25.0
674,200.0,38.49611988078481,25.0
675,200.0,38.506950652833005,25.0
676,200.0,38.517763388628836,25.0
677,200.0,38.5285581182077,25.0
678,200.0,38.53933487155494,25.0
679,200.0,38.55009367860601,25.0
680,200.0,38.56083456924648,25.0
681,200.0,38.57155757331218,25.0
682,200.0,38.58226272058921,25.0
683,200.0,38.59295004081413,25.0
684,200.0,38.60361956367392,25.0
685,200.0,38.614271318806175,25.0
686,200.0,38.624905335799085,25.0
687,200.0,38.63552164419161,25.0
688,200.0,38.646120273473514,25.0
689,200.0,38.65670125308541,25.0
690,200.0,38.66726461241893,25.0
691,200.0,38.67781038081675,25.0
692,200.0,38.68833858757268,25.0
693,200.0,38.698849261931734,25.0
694,200.0,38.70934243309024,25.0
695,200.0,38.719818130195904,25.0
696,200.0,38.730276382347895,25.0
697,200.0,38.74071721859691,25.0
698,200.0,38.75114066794529,25.0
699,200.0,38.76154675934707,25.0
700,200.0,38.771935521708045,25.0
701,200.0,38.78230698388592,25.0
702,200.0,38.792661174690295,25.0
703,200.0,38.80299812288284,25.0
704,200.0,38.813317857177296,25.0
705,200.0,38.8236204062396,25.0
706,200.0,38.83390579868795,25.0
707,200.0,38.84417406309289,25.0
708,200.0,38.85442522797737,25.0
709,200.0,38.86465932181687,25.0
710,200.0,38.87487637303944,25.0
711,200.0,38.88507641002576,25.0
712,200.0,38.8952594611093,25.0
713,200.0,38.9054255545763,25.0
714,200.0,38.915574718665916,25.0
715,200.0,38.92570698157029,25.0
716,200.0,38.9358223714346,25.0
717,200.0,38.945920916357146,25.0
718,200.0,38.95600264438946,25.0
719,200.0,38.966067583536336,25.0
720,200.0,38.976115761755956,25.0
721,200.0,38.986147206959934,25.0
722,200.0,38.9961619470134,25.0
723,200.0,39.00616000973507,25.0
724,200.0,39.01614142289737,25.0
725,200.0,39.02610621422643,25.0
726,200.0,39.036054411402255,25.0
727,200.0,39.045986042058715,25.0
728,200.0,39.055901133783685,25.0
729,200.0,39.065799714119095,25.0
730,200.0,39.07568181056101,25.0
731,200.0,39.08554745055969,25.0
732,200.0,39.095396661519715,25.0
733,200.0,39.105229470800005,25.0
734,200.0,39.11504590571392,25.0
735,200.0,39.12484599352935,25.0
736,200.0,39.134629761468744,25.0
737,200.0,39.14439723670928,25.0
738,200.0,39.15414844638281,25.0
739,200.0,39.163883417576045,25.0
740,200.0,39.17360217733058,25.0
741,200.0,39.18330475264297,25.0
742,200.0,39.19299117046482,25.0
743,200.0,39.20266145770285,25.0
744,200.0,39.212315641218986,25.0
745,200.0,39.221953747830405,25.0
746,200.0,39.23157580430963,25.0
747,200.0,39.241181837384595,25.0
748,200.0,39.25077187373874,25.0
749,200.0,39.260345940011064,25.0
750,200.0,39.2699040627962,25.0
751,200.0,39.279446268644485,25.0
752,200.0,39.288972584062066,25.0
753,200.0,39.29848303551093,25.0
754,200.0,39.307977649409,25.0
755,200.0,39.317456452130216,25.0
756,200.0,39.32691947000459,25.0
757,200.0,39.33636672931829,25.0
758,200.0,39.34579825631371,25.0
759,200.0,39.35521407718953,25.0
760,200.0,39.36461421810083,25.0
761,200.0,39.37399870515911,25.0
762,200.0,39.383367564432405,25.0
763,200.0,39.39272082194532,25.0
764,200.0,39.40205850367913,25.0
765,200.0,39.41138063557185,25.0
766,200.0,39.4206872435183,25.0
767,200.0,39.429978353370174,25.0
768,200.0,39.439253990936116,25.0
769,200.0,39.44851418198179,25.0
770,200.0,39.45775895222995,25.0
771,200.0,39.46698832736053,25.0
772,200.0,39.47620233301068,25.0
773,200.0,39.48540099477488,25.0
774,200.0,39.49458433820496,25.0
775,200.0,39.503752388810206,25.0
776,200.0,39.51290517205745,25.0
777,200.0,39.52204271337109,25.0
778,200.0,39.53116503813319,25.0
779,200.0,39.54027217168354,25.0
780,200.0,39.54936413931975,25.0
781,200.0,39.55844096629728,25.0
782,200.0,39.56750267782956,25.0
783,200.0,39.576549299088,25.0
784,200.0,39.585580855202124,25.0
785,200.0,39.59459737125958,25.0
786,200.0,39.603598872306264,25.0
787,200.0,39.61258538334634,25.0
788,200.0,39.621556929342354,25.0
789,200.0,39.63051353521527,25.0
790,200.0,39.63945522584455,25.0
791,200.0,39.648382026068234,25.0
792,200.0,39.65729396068299,25.0
793,200.0,39.66619105444421,25.0
794,200.0,39.675073332066034,25.0
795,200.0,39.68394081822147,25.0
796,200.0,39.69279353754243,25.0
797,200.0,39.70163151461979,25.0
798,200.0,39.71045477400352,25.0
799,200.0,39.719263340202666,25.0
800,200.0,39.72805723768546,25.0
801,200.0,39.736836490879426,25.0
802,200.0,39.74560112417137,25.0
803,200.0,39.75435116190749,25.0
804,200.0,39.76308662839348,25.0
805,200.0,39.77180754789451,25.0
806,200.0,39.78051394463536,25.0
807,200.0,39.789205842800484,25.0
808,200.0,39.79788326653404,25.0
809,200.0,39.80654623994,25.0
810,200.0,39.81519478708217,25.0
811,200.0,39.8238289319843,25.0
812,200.0,39.832448698630145,25.0
813,200.0,39.84105411096348,25.0
814,200.0,39.84964519288827,25.0
815,200.0,39.85822196826861,25.0
816,200.0,39.86678446092888,25.0
817,200.0,39.87533269465381,25.0
818,200.0,39.88386669318847,25.0
819,200.0,39.89238648023844,25.0
820,200.0,39.9008920794698,25.0
821,200.0,39.90938351450921,25.0
822,200.0,39.917860808944,25.0
823,200.0,39.9263239863222,25.0
824,200.0,39.93477307015267,25.0
825,200.0,39.94320808390507,25.0
826,200.0,39.95162905101001,25.0
827,200.0,39.96003599485907,25.0
828,200.0,39.96842893880487,25.0
829,200.0,39.976807906161156,25.0
830,200.0,39.98517292020284,25.0
831,200.0,39.993524004166076,25.0
832,200.0,40.00186118124833,25.0
833,200.0,40.01018447460843,25.0
834,200.0,40.01849390736663,25.0
835,200.0,40.026789502604714,25.0
836,200.0,40.035071283365994,25.0
837,200.0,40.04333927265542,25.0
838,200.0,40.05159349343965,25.0
839,200.0,40.059833968647055,25.0
840,200.0,40.06806072116787,25.0
841,200.0,40.07627377385418,25.0
842,200.0,40.084473149520036,25.0
843,200.0,40.09265887094148,25.0
844,200.0,40.10083096085662,25.0
845,200.0,40.10898944196573,25.0
846,200.0,40.11713433693126,25.0
847,200.0,40.125265668377914,25.0
848,200.0,40.13338345889274,25.0
849,200.0,40.14148773102515,25.0
850,200.0,40.149578507287025,25.0
851,200.0,40.15765581015275,25.0
852,200.0,40.165719662059274,25.0
853,200.0,40.17377008540619,25.0
854,200.0,40.18180710255581,25.0
855,200.0,40.189830735833155,25.0
856,200.0,40.19784100752613,25.0
857,200.0,40.20583793988548,25.0
858,200.0,40.21382155512491,25.0
859,200.0,40.22179187542114,25.0
860,200.0,40.22974892291395,25.0
861,200.0,40.23769271970626,25.0
862,200.0,40.24562328786417,25.0
863,200.0,40.25354064941705,25.0
864,200.0,40.26144482635756,25.0
865,200.0,40.26933584064177,25.0
866,200.0,40.277213714189166,25.0
867,200.0,40.28507846888273,25.0
868,200.0,40.292930126569004,25.0
869,200.0,40.30076870905816,25.0
870,200.0,40.308594238124044,25.0
871,200.0,40.316406735504245,25.0
872,200.0,40.32420622290013,25.0
873,200.0,40.331992721976974,25.0
874,200.0,40.33976625436393,25.0
875,200.0,40.347526841654144,25.0
876,200.0,40.35527450540482,25.0
877,200.0,40.36300926713725,25.0
878,200.0,40.37073114833689,25.0
879,200.0,40.378440170453395,25.0
880,200.0,40.38613635490074,25.0
881,200.0,40.39381972305722,25.0
882,200.0,40.40149029626552,25.0
883,200.0,40.409148095832805,25.0
884,200.0,40.41679314303073,25.0
885,200.0,40.42442545909555,25.0
886,200.0,40.43204506522815,25.0
887,200.0,40.43965198259411,25.0
888,200.0,40.44724623232375,25.0
889,200.0,40.45482783551222,25.0
890,200.0,40.46239681321953,25.0
891,200.0,40.469953186470626,25.0
892,200.0,40.47749697625544,25.0
893,200.0,40.48502820352894,25.0
894,200.0,40.492546889211226,25.0
895,200.0,40.50005305418752,25.0
896,200.0,40.507546719308294,25.0
897,200.0,40.515027905389296,25.0
898,200.0,40.52249663321159,25.0
899,200.0,40.52995292352165,25.0
900,200.0,40.537396797031406,25.0
901,200.0,40.54482827441828,25.0
902,200.0,40.552247376325276,25.0
903,200.0,40.559654123361014,25.0
904,200.0,40.56704853609979,25.0
905,200.0,40.574430635081654,25.0
906,200.0,40.58180044081244,25.0
907,200.0,40.589157973763825,25.0
908,200.0,40.59650325437342,25.0
909,200.0,40.603836303044766,25.0
910,200.0,40.61115714014747,25.0
911,200.0,40.61846578601718,25.0
912,200.0,40.6257622609557,25.0
913,200.0,40.63304658523103,25.0
914,200.0,40.6403187790774,25.0
915,200.0,40.64757886269534,25.0
916,200.0,40.65482685625177,25.0
917,200.0,40.66206277988002,25.0
918,200.0,40.66928665367986,25.0
919,200.0,40.67649849771762,25.0
920,200.0,40.683698332026204,25.0
921,200.0,40.69088617660516,25.0
922,200.0,40.69806205142072,25.0
923,200.0,40.705225976405885,25.0
924,200.0,40.71237797146044,25.0
925,200.0,40.71951805645105,25.0
926,200.0,40.726646251211285,25.0
927,200.0,40.7337625755417,25.0
928,200.0,40.74086704920985,25.0
929,200.0,40.7479596919504,25.0
930,200.0,40.75504052346514,25.0
931,200.0,40.762109563423046,25.0
932,200.0,40.76916683146035,25.0
933,200.0,40.776212347180575,25.0
934,200.0,40.78324613015461,25.0
935,200.0,40.79026819992073,25.0
936,200.0,40.797278575984706,25.0
937,200.0,40.8042772778198,25.0
938,200.0,40.811264324866855,25.0
939,200.0,40.81823973653434,25.0
940,200.0,40.82520353219841,25.0
941,200.0,40.83215573120293,25.0
942,200.0,40.83909635285959,25.0
943,200.0,40.84602541644789,25.0
944,200.0,40.85294294121522,25.0
945,200.0,40.85984894637694,25.0
946,200.0,40.86674345111642,25.0
947,200.0,40.873626474585045,25.0
948,200.0,40.880498035902335,25.0
949,200.0,40.88735815415596,25.0
950,200.0,40.894206848401815,25.0
951,200.0,40.90104413766405,25.0
952,200.0,40.90787004093515,25.0
953,200.0,40.914684577175954,25.0
954,200.0,40.92148776531573,25.0
955,200.0,40.928279624252234,25.0
956,200.0,40.93506017285174,25.0
957,200.0,40.941829429949124,25.0
958,200.0,40.948587414347855,25.0
959,200.0,40.95533414482014,25.0
960,200.0,40.96206964010689,25.0
961,200.0,40.968793918917825,25.0
962,200.0,40.9755069999315,25.0
963,200.0,40.98220890179536,25.0
964,200.0,40.988899643125805,25.0
965,200.0,40.99557924250824,25.0
966,200.0,41.00224771849711,25.0
967,200.0,41.00890508961596,25.0
968,200.0,41.015551374357486,25.0
969,200.0,41.02218659118361,25.0
970,200.0,41.02881075852548,25.0
971,200.0,41.03542389478357,25.0
972,200.0,41.042026018327704,25.0
973,200.0,41.048617147497126,25.0
974,200.0,41.055197300600526,25.0
975,200.0,41.06176649591612,25.0
976,200.0,41.06832475169166,25.0
977,200.0,41.07487208614455,25.0
978,200.0,41.08140851746181,25.0
979,200.0,41.08793406380022,25.0
980,200.0,41.094448743286286,25.0
981,200.0,41.10095257401635,25.0
982,200.0,41.10744557405661,25.0
983,200.0,41.11392776144319,25.0
984,200.0,41.12039915418216,25.0
985,200.0,41.126859770249624,25.0
986,200.0,41.13330962759173,25.0
987,200.0,41.139748744124766,25.0
988,200.0,41.146177137735165,25.0
989,200.0,41.152594826279575,25.0
990,200.0,41.159001827584916,25.0
991,200.0,41.16539815944842,25.0
992,200.0,41.17178383963768,25.0
993,200.0,41.17815888589071,25.0
994,200.0,41.18452331591595,25.0
995,200.0,41.1908771473924,25.0
996,200.0,41.19722039796959,25.0
997,200.0,41.20355308526766,25.0
998,200.0,41.209875226877415,25.0
999,200.0,41.216186840360365,25.0
1000,200.0,41.222487943248765,25.0
1001,200.0,41.228778553045686,25.0
1002,200.0,41.23505868722506,25.0
1003,200.0,41.2413283632317,25.0
1004,200.0,41.247587598481374,25.0
1005,200.0,41.25383641036086,25.0
1006,200.0,41.260074816227956,25.0
1007,200.0,41.26630283341159,25.0
1008,200.0,41.2725204792118,25.0
1009,200.0,41.278727770899835,25.0
1010,200.0,41.28492472571817,25.0
1011,200.0,41.29111136088058,25.0
1012,200.0,41.297287693572166,25.0
1013,200.0,41.30345374094941,25.0
1014,200.0,41.309609520140214,25.0
1015,200.0,41.315755048243986,25.0
1016,200.0,41.321890342331635,25.0
1017,200.0,41.32801541944564,25.0
1018,200.0,41.33413029660012,25.0
1019,200.0,41.34023499078085,25.0
1020,200.0,41.34632951894531,25.0
1021,200.0,41.352413898022746,25.0
1022,200.0,41.35848814491422,25.0
1023,200.0,41.364552276492645,25.0
1024,200.0,41.37060630960284,25.0
1025,200.0,41.376650261061556,25.0
1026,200.0,41.38268414765756,25.0
1027,200.0,41.388707986151644,25.0
1028,200.0,41.3947217932767,25.0
1029,200.0,41.40072558573776,25.0
1030,200.0,41.40671938021201,25.0
1031,200.0,41.412703193348904,25.0
1032,200.0,41.41867704177014,25.0
1033,200.0,41.424640942069736,25.0
1034,200.0,41.4305949108141,25.0
1035,200.0,41.43653896454203,25.0
1036,200.0,41.4424731197648,25.0
1037,200.0,41.44839739296616,25.0
1038,200.0,41.45431180060244,25.0
1039,200.0,41.46021635910256,25.0
1040,200.0,41.46611108486806,25.0
1041,200.0,41.4719959942732,25.0
1042,200.0,41.47787110366494,25.0
1043,200.0,41.483736429363034,25.0
1044,200.0,41.48959198766006,25.0
1045,200.0,41.49543779482147,25.0
1046,200.0,41.5012738670856,25.0
1047,200.0,41.50710022066378,25.0
1048,200.0,41.51291687174033,25.0
1049,200.0,41.51872383647262,25.0
1050,200.0,41.5245211309911,25.0
1051,200.0,41.530308771399376,25.0
1052,200.0,41.53608677377423,25.0
1053,200.0,41.541855154165674,25.0
1054,200.0,41.54761392859699,25.0
1055,200.0,41.553363113064776,25.0
1056,200.0,41.55910272353899,25.0
1057,200.0,41.564832775963005,25.0
1058,200.0,41.57055328625363,25.0
1059,200.0,41.57626427030118,25.0
1060,200.0,41.581965743969505,25.0
1061,200.0,41.58765772309603,25.0
1062,200.0,41.59334022349181,25.0
1063,200.0,41.599013260941575,25.0
1064,200.0,41.60467685120378,25.0
1065,200.0,41.6103310100106,25.0
1066,200.0,41.61597575306804,25.0
1067,200.0,41.621611096055965,25.0
1068,200.0,41.62723705462809,25.0
1069,200.0,41.63285364441209,25.0
1070,200.0,41.6384608810096,25.0
1071,200.0,41.644058779996286,25.0
1072,200.0,41.64964735692187,25.0
1073,200.0,41.65522662731017,25.0
1074,200.0,41.66079660665919,25.0
1075,200.0,41.66635731044107,25.0
1076,200.0,41.671908754102226,25.0
1077,200.0,41.67745095306334,25.0
1078,200.0,41.68298392271941,25.0
1079,200.0,41.68850767843979,25.0
1080,200.0,41.69402223556827,25.0
1081,200.0,41.69952760942305,25.0
1082,200.0,41.70502381529685,25.0
1083,200.0,41.71051086845691,25.0
1084,200.0,41.715988784145026,25.0
1085,200.0,41.721457577577674,25.0
1086,200.0,41.72691726394592,25.0
1087,200.0,41.73236785841557,25.0
1088,200.0,41.737809376127174,25.0
1089,200.0,41.74324183219606,25.0
1090,200.0,41.74866524171239,25.0
1091,200.0,41.75407961974118,25.0
1092,200.0,41.75948498132239,25.0
1093,200.0,41.7648813414709,25.0
1094,200.0,41.77026871517661,25.0
1095,200.0,41.77564711740446,25.0
1096,200.0,41.781016563094454,25.0
1097,200.0,41.786377067161716,25.0
1098,200.0,41.791728644496544,25.0
1099,200.0,41.79707130996444,25.0
1100,200.0,41.802405078406125,25.0
1101,200.0,41.80772996463764,25.0
1102,200.0,41.81304598345034,25.0
1103,200.0,41.81835314961094,25.0
1104,200.0,41.82365147786159,25.0
1105,200.0,41.828940982919846,25.0
1106,200.0,41.8342216794788,25.0
1107,200.0,41.83949358220704,25.0
1108,200.0,41.844756705748765,25.0
1109,200.0,41.85001106472375,25.0
1110,200.0,41.855256673727446,25.0
1111,200.0,41.86049354733099,25.0
1112,200.0,41.86572170008127,25.0
1113,200.0,41.870941146500904,25.0
1114,200.0,41.87615190108839,25.0
1115,200.0,41.88135397831803,25.0
1116,200.0,41.886547392640054,25.0
1117,200.0,41.89173215848061,25.0
1118,200.0,41.896908290241825,25.0
1119,200.0,41.90207580230186,25.0
1120,200.0,41.9072347090149,25.0
1121,200.0,41.91238502471126,25.0
1122,200.0,41.917526763697374,25.0
1123,200.0,41.92265994025584,25.0
1124,200.0,41.9277845686455,25.0
1125,200.0,41.932900663101435,25.0
1126,200.0,41.93800823783501,25.0
1127,200.0,41.94310730703394,25.0
1128,200.0,41.948197884862324,25.0
1129,200.0,41.95327998546064,25.0
1130,200.0,41.95835362294585,25.0
1131,200.0,41.96341881141139,25.0
1132,200.0,41.96847556492723,25.0
1133,200.0,41.973523897539906,25.0
1134,200.0,41.97856382327258,25.0
1135,200.0,41.98359535612504,25.0
1136,200.0,41.98861851007378,25.0
1137,200.0,41.993633299071995,25.0
1138,200.0,41.99863973704966,25.0
1139,200.0,42.00363783791356,25.0
1140,200.0,42.0086276155473,25.0
1141,200.0,42.01360908381138,25.0
1142,200.0,42.018582256543226,25.0
1143,200.0,42.023547147557196,25.0
1144,200.0,42.02850377064466,25.0
1145,200.0,42.033452139574024,25.0
1146,200.0,42.038392268090746,25.0
1147,200.0,42.04332416991743,25.0
1148,200.0,42.0482478587538,25.0
1149,200.0,42.05316334827676,25.0
1150,200.0,42.058070652140465,25.0
1151,200.0,42.06296978397631,25.0
1152,200.0,42.06786075739299,25.0
1153,200.0,42.07274358597657,25.0
1154,200.0,42.07761828329045,25.0
1155,200.0,42.082484862875454,25.0
1156,200.0,42.087343338249866,25.0
1157,200.0,42.09219372290946,25.0
1158,200.0,42.09703603032753,25.0
1159,200.0,42.101870273954916,25.0
1160,200.0,42.106696467220104,25.0
1161,200.0,42.11151462352916,25.0
1162,200.0,42.116324756265875,25.0
1163,200.0,42.12112687879173,25.0
1164,200.0,42.12592100444594,25.0
1165,200.0,42.13070714654555,25.0
1166,200.0,42.13548531838538,25.0
1167,200.0,42.14025553323815,25.0
1168,200.0,42.14501780435444,25.0
1169,200.0,42.149772144962796,25.0
1170,200.0,42.15451856826973,25.0
1171,200.0,42.159257087459736,25.0
1172,200.0,42.16398771569539,25.0
1173,200.0,42.16871046611732,25.0
1174,200.0,42.17342535184427,25.0
1175,200.0,42.17813238597317,25.0
1176,200.0,42.182831581579094,25.0
1177,200.0,42.187522951715394,25.0
1178,200.0,42.19220650941362,25.0
1179,200.0,42.19688226768369,25.0
1180,200.0,42.20155023951381,25.0
1181,200.0,42.206210437870574,25.0
1182,200.0,42.21086287569898,25.0
1183,200.0,42.215507565922465,25.0
1184,200.0,42.22014452144296,25.0
1185,200.0,42.224773755140895,25.0
1186,200.0,42.22939527987525,25.0
1187,200.0,42.234009108483605,25.0
1188,200.0,42.23861525378214,25.0
1189,200.0,42.24321372856572,25.0
1190,200.0,42.24780454560789,25.0
1191,200.0,42.252387717660916,25.0
1192,200.0,42.25696325745583,25.0
1193,200.0,42.26153117770248,25.0
1194,200.0,42.266091491089526,25.0
1195,200.0,42.27064421028451,25.0
1196,200.0,42.275189347933875,25.0
1197,200.0,42.279726916663016,25.0
1198,200.0,42.284256929076285,25.0
1199,200.0,42.288779397757054,25.0
1200,200.0,42.293294335267746,25.0
1201,200.0,42.297801754149845,25.0
1202,200.0,42.302301666923974,25.0
1203,200.0,42.30679408608988,25.0
1204,200.0,42.31127902412652,25.0
1205,200.0,42.31575649349206,25.0
1206,200.0,42.3202265066239,25.0
1207,200.0,42.324689075938764,25.0
1208,200.0,42.32914421383267,25.0
1209,200.0,42.33359193268101,25.0
1210,200.0,42.338032244838566,25.0
1211,200.0,42.34246516263953,25.0
1212,200.0,42.346890698397566,25.0
1213,200.0,42.35130886440584,25.0
1214,200.0,42.355719672937035,25.0
1215,200.0,42.360123136243395,25.0
1216,200.0,42.36451926655677,25.0
1217,200.0,42.368908076088644,25.0
1218,200.0,42.373289577030135,25.0
1219,200.0,42.3776637815521,25.0
1220,200.0,42.382030701805114,25.0
1221,200.0,42.386390349919495,25.0
1222,200.0,42.3907427380054,25.0
1223,200.0,42.39508787815278,25.0
1224,200.0,42.39942578243148,25.0
1225,200.0,42.40375646289124,25.0
1226,200.0,42.40807993156173,25.0
1227,200.0,42.41239620045258,25.0
1228,200.0,42.41670528155343,25.0
1229,200.0,42.42100718683397,25.0
1230,200.0,42.42530192824391,25.0
1231,200.0,42.429589517713126,25.0
1232,200.0,42.43386996715155,25.0
1233,200.0,42.43814328844936,25.0
1234,200.0,42.44240949347687,25.0
1235,200.0,42.44666859408467,25.0
1236,200.0,42.45092060210359,25.0
1237,200.0,42.455165529344754,25.0
1238,200.0,42.45940338759965,25.0
1239,200.0,42.4636341886401,25.0
1240,200.0,42.46785794421832,25.0
1241,200.0,42.472074666067,25.0
1242,200.0,42.476284365899225,25.0
1243,200.0,42.480487055408624,25.0
1244,200.0,42.48468274626933,25.0
1245,200.0,42.48887145013606,25.0
1246,200.0,42.493053178644075,25.0
1247,200.0,42.49722794340932,25.0
1248,200.0,42.50139575602835,25.0
1249,200.0,42.50555662807843,25.0
1250,200.0,42.50971057111754,25.0
1251,200.0,42.51385759668442,25.0
1252,200.0,42.51799771629857,25.0
1253,200.0,42.52213094146033,25.0
1254,200.0,42.52625728365091,25.0
1255,200.0,42.53037675433234,25.0
1256,200.0,42.53448936494761,25.0
1257,200.0,42.53859512692065,25.0
1258,200.0,42.54269405165634,25.0
1259,200.0,42.5467861505406,25.0
1260,200.0,42.55087143494036,25.0
1261,200.0,42.55494991620365,25.0
1262,200.0,42.55902160565958,25.0
1263,200.0,42.56308651461839,25.0
1264,200.0,42.56714465437152,25.0
1265,200.0,42.571196036191566,25.0
1266,200.0,42.57524067133237,25.0
1267,200.0,42.579278571029036,25.0
1268,200.0,42.583309746497946,25.0
1269,200.0,42.58733420893684,25.0
1270,200.0,42.59135196952475,25.0
1271,200.0,42.59536303942213,25.0
1272,200.0,42.599367429770865,25.0
1273,200.0,42.60336515169425,25.0
1274,200.0,42.60735621629706,25.0
1275,200.0,42.61134063466561,25.0
1276,200.0,42.61531841786771,25.0
1277,200.0,42.61928957695278,25.0
1278,200.0,42.623254122951806,25.0
1279,200.0,42.627212066877426,25.0
1280,200.0,42.631163419723926,25.0
1281,200.0,42.635108192467285,25.0
1282,200.0,42.639046396065226,25.0
1283,200.0,42.64297804145719,25.0
1284,200.0,42.646903139564415,25.0
1285,200.0,42.65082170128996,25.0
1286,200.0,42.654733737518725,25.0
1287,200.0,42.65863925911747,25.0
1288,200.0,42.66253827693488,25.0
1289,200.0,42.66643080180155,25.0
1290,200.0,42.67031684453006,25.0
1291,200.0,42.67419641591498,25.0
1292,200.0,42.678069526732884,25.0
1293,200.0,42.68193618774242,25.0
1294,200.0,42.68579640968433,25.0
1295,200.0,42.689650203281445,25.0
1296,200.0,42.69349757923875,25.0
1297,200.0,42.6973385482434,25.0
1298,200.0,42.70117312096476,25.0
1299,200.0,42.70500130805442,25.0
1300,200.0,42.70882312014625,25.0
1301,200.0,42.712638567856374,25.0
1302,200.0,42.71644766178327,25.0
1303,200.0,42.72025041250776,25.0
1304,200.0,42.72404683059304,25.0
1305,200.0,42.72783692658472,25.0
1306,200.0,42.731620711010855,25.0
1307,200.0,42.73539819438194,25.0
1308,200.0,42.739169387191,25.0
1309,200.0,42.74293429991357,25.0
1310,200.0,42.74669294300775,25.0
1311,200.0,42.7504453269142,25.0
1312,200.0,42.75419146205624,25.0
1313,200.0,42.75793135883978,25.0
1314,200.0,42.76166502765342,25.0
1315,200.0,42.765392478868485,25.0
1316,200.0,42.769113722838995,25.0
1317,200.0,42.77282876990175,25.0
1318,200.0,42.77653763037632,25.0
1319,200.0,42.7802403145651,25.0
1320,200.0,42.78393683275333,25.0
1321,200.0,42.787627195209105,25.0
1322,200.0,42.79131141218345,25.0
1323,200.0,42.79498949391029,25.0
1324,200.0,42.798661450606545,25.0
1325,200.0,42.80232729247207,25.0
1326,200.0,42.805987029689774,25.0
1327,200.0,42.80964067242559,25.0
1328,200.0,42.81328823082854,25.0
1329,200.0,42.81692971503072,25.0
1330,200.0,42.820565135147376,25.0
1331,200.0,42.824194501276885,25.0
1332,200.0,42.82781782350084,25.0
1333,200.0,42.83143511188402,25.0
1334,200.0,42.835046376474445,25.0
1335,200.0,42.83865162730341,25.0
1336,200.0,42.84225087438551,25.0
1337,200.0,42.84584412771866,25.0
1338,200.0,42.8494313972841,25.0
1339,200.0,42.85301269304649,25.0
1340,200.0,42.856588024953865,25.0
1341,200.0,42.86015740293771,25.0
1342,200.0,42.86372083691297,25.0
1343,200.0,42.86727833677806,25.0
1344,200.0,42.87082991241495,25.0
1345,200.0,42.87437557368911,25.0
1346,200.0,42.877915330449596,25.0
1347,200.0,42.88144919252909,25.0
1348,200.0,42.88497716974387,25.0
1349,200.0,42.88849927189387,25.0
1350,200.0,42.89201550876271,25.0
1351,200.0,42.895525890117725,25.0
1352,200.0,42.89903042570997,25.0
1353,200.0,42.90252912527426,25.0
1354,200.0,42.906021998529226,25.0
1355,200.0,42.90950905517728,25.0
1356,200.0,42.912990304904696,25.0
1357,200.0,42.91646575738163,25.0
1358,200.0,42.91993542226209,25.0
1359,200.0,42.92339930918406,25.0
1360,200.0,42.92685742776944,25.0
1361,200.0,42.930309787624125,25.0
1362,200.0,42.933756398338,25.0
1363,200.0,42.93719726948498,25.0
1364,200.0,42.94063241062305,25.0
1365,200.0,42.94406183129427,25.0
1366,200.0,42.94748554102482,25.0
1367,200.0,42.950903549324984,25.0
1368,200.0,42.95431586568925,25.0
1369,200.0,42.95772249959627,25.0
1370,200.0,42.96112346050893,25.0
1371,200.0,42.96451875787433,25.0
1372,200.0,42.96790840112385,25.0
1373,200.0,42.97129239967319,25.0
1374,200.0,42.97467076292233,25.0
1375,200.0,42.97804350025562,25.0
1376,200.0,42.98141062104179,25.0
1377,200.0,42.98477213463393,25.0
1378,200.0,42.988128050369596,25.0
1379,200.0,42.99147837757077,25.0
1380,200.0,42.994823125543924,25.0
1381,200.0,42.99816230358003,25.0
1382,200.0,43.00149592095458,25.0
1383,200.0,43.004823986927626,25.0
1384,200.0,43.0081465107438,25.0
1385,200.0,43.011463501632335,25.0
1386,200.0,43.01477496880709,25.0
1387,200.0,43.01808092146659,25.0
1388,200.0,43.02138136879405,25.0
1389,200.0,43.024676319957365,25.0
1390,200.0,43.0279657841092,25.0
1391,200.0,43.031249770386935,25.0
1392,200.0,43.03452828791277,25.0
1393,200.0,43.037801345793696,25.0
1394,200.0,43.04106895312154,25.0
1395,200.0,43.044331118973,25.0
1396,200.0,43.047587852409634,25.0
1397,200.0,43.05083916247795,25.0
1398,200.0,43.054085058209346,25.0
1399,200.0,43.057325548620206,25.0
1400,200.0,43.0605606427119,25.0
1401,200.0,43.06379034947079,25.0
1402,200.0,43.06701467786831,25.0
1403,200.0,43.070233636860905,25.0
1404,200.0,43.073447235390134,25.0
1405,200.0,43.07665548238268,25.0
1406,200.0,43.079858386750324,25.0
1407,200.0,43.08305595739003,25.0
1408,200.0,43.086248203183935,25.0
1409,200.0,43.0894351329994,25.0
1410,200.0,43.09261675568901,25.0
1411,200.0,43.0957930800906,25.0
1412,200.0,43.0989641150273,25.0
1413,200.0,43.10212986930753,25.0
1414,200.0,43.10529035172508,25.0
1415,200.0,43.10844557105905,25.0
1416,200.0,43.11159553607395,25.0
1417,200.0,43.11474025551968,25.0
1418,200.0,43.11787973813158,25.0
1419,200.0,43.12101399263042,25.0
1420,200.0,43.124143027722475,25.0
1421,200.0,43.12726685209952,25.0
1422,200.0,43.13038547443883,25.0
1423,200.0,43.133498903403265,25.0
1424,200.0,43.13660714764123,25.0
1425,200.0,43.139710215786735,25.0
1426,200.0,43.14280811645942,25.0
1427,200.0,43.14590085826457,25.0
1428,200.0,43.14898844979314,25.0
1429,200.0,43.15207089962176,25.0
1430,200.0,43.1551482163128,25.0
1431,200.0,43.15822040841438,25.0
1432,200.0,43.161287484460345,25.0
1433,200.0,43.164349452970356,25.0
1434,200.0,43.16740632244991,25.0
1435,200.0,43.170458101390274,25.0
1436,200.0,43.17350479826864,25.0
1437,200.0,43.17654642154804,25.0
1438,200.0,43.17958297967745,25.0
1439,200.0,43.18261448109173,25.0
1440,200.0,43.18564093421175,25.0
1441,200.0,43.18866234744431,25.0
1442,200.0,43.191678729182215,25.0
1443,200.0,43.19469008780431,25.0
1444,200.0,43.197696431675496,25.0
1445,200.0,43.20069776914673,25.0
1446,200.0,43.20369410855505,25.0
1447,200.0,43.206685458223625,25.0
1448,200.0,43.209671826461765,25.0
1449,200.0,43.212653221564935,25.0
1450,200.0,43.215629651814794,25.0
1451,200.0,43.21860112547921,25.0
1452,200.0,43.221567650812275,25.0
1453,200.0,43.22452923605433,25.0
1454,200.0,43.22748588943202,25.0
1455,200.0,43.23043761915825,25.0
1456,200.0,43.23338443343229,25.0
1457,200.0,43.23632634043974,25.0
1458,200.0,43.23926334835255,25.0
1459,200.0,43.24219546532908,25.0
1460,200.0,43.24512269951411,25.0
1461,200.0,43.248045059038844,25.0
1462,200.0,43.25096255202095,25.0
1463,200.0,43.25387518656458,25.0
1464,200.0,43.256782970760376,25.0
1465,200.0,43.259685912685526,25.0
1466,200.0,43.26258402040376,25.0
1467,200.0,43.265477301965376,25.0
1468,200.0,43.268365765407275,25.0
1469,200.0,43.27124941875296,25.0
1470,200.0,43.27412827001259,25.0
1471,200.0,43.27700232718297,25.0
1472,200.0,43.279871598247595,25.0
1473,200.0,43.28273609117666,25.0
1474,200.0,43.2855958139271,25.0
1475,200.0,43.288450774442595,25.0
1476,200.0,43.291300980653574,25.0
1477,200.0,43.29414644047729,25.0
1478,200.0,43.29698716181781,25.0
1479,200.0,43.299823152566006,25.0
1480,200.0,43.30265442059965,25.0
1481,200.0,43.305480973783375,25.0
1482,200.0,43.3083028199687,25.0
1483,200.0,43.31111996699412,25.0
1484,200.0,43.31393242268502,25.0
1485,200.0,43.31674019485379,25.0
1486,200.0,43.3195432912998,25.0
1487,200.0,43.32234171980943,25.0
1488,200.0,43.32513548815608,25.0
1489,200.0,43.32792460410024,25.0
1490,200.0,43.33070907538944,25.0
1491,200.0,43.333488909758344,25.0
1492,200.0,43.336264114928696,25.0
1493,200.0,43.3390346986094,25.0
1494,200.0,43.341800668496546,25.0
1495,200.0,43.344562032273366,25.0
1496,200.0,43.34731879761033,25.0
1497,200.0,43.3500709721651,25.0
1498,200.0,43.35281856358263,25.0
1499,200.0,43.3555615794951,25.0
1500,200.0,43.35830002752202,25.0
1501,200.0,43.361033915270184,25.0
1502,200.0,43.363763250333726,25.0
1503,200.0,43.36648804029413,25.0
1504,200.0,43.369208292720266,25.0
1505,200.0,43.37192401516838,25.0
1506,200.0,43.37463521518217,25.0
1507,200.0,43.37734190029272,25.0
1508,200.0,43.38004407801863,25.0
1509,200.0,43.38274175586592,25.0
1510,200.0,43.38543494132817,25.0
1511,200.0,43.38812364188645,25.0
1512,200.0,43.39080786500935,25.0
1513,200.0,43.39348761815307,25.0
1514,200.0,43.39616290876136,25.0
1515,200.0,43.39883374426559,25.0
1516,200.0,43.40150013208475,25.0
1517,200.0,43.404162079625465,25.0
1518,200.0,43.40681959428204,25.0
1519,200.0,43.40947268343647,25.0
1520,200.0,43.412121354458435,25.0
1521,200.0,43.41476561470537,25.0
1522,200.0,43.417405471522436,25.0
1523,200.0,43.42004093224257,25.0
1524,200.0,43.4226720041865,25.0
1525,200.0,43.42529869466276,25.0
1526,200.0,43.42792101096772,25.0
1527,200.0,43.43053896038559,25.0
1528,200.0,43.43315255018844,25.0
1529,200.0,43.43576178763627,25.0
1530,200.0,43.43836667997694,25.0
1531,200.0,43.44096723444627,25.0
1532,200.0,43.44356345826803,25.0
1533,200.0,43.446155358653954,25.0
1534,200.0,43.44874294280376,25.0
1535,200.0,43.45132621790519,25.0
1536,200.0,43.453905191134005,25.0
1537,200.0,43.456479869654025,25.0
1538,200.0,43.45905026061713,25.0
1539,200.0,43.46161637116331,25.0
1540,200.0,43.464178208420634,25.0
1541,200.0,43.466735779505335,25.0
1542,200.0,43.46928909152177,25.0
1543,200.0,43.47183815156247,25.0
1544,200.0,43.47438296670817,25.0
1545,200.0,43.4769235440278,25.0
1546,200.0,43.479459890578504,25.0
1547,200.0,43.48199201340571,25.0
1548,200.0,43.48451991954309,25.0
1549,200.0,43.4870436160126,25.0
1550,200.0,43.48956310982452,25.0
1551,200.0,43.492078407977445,25.0
1552,200.0,43.49458951745831,25.0
1553,200.0,43.49709644524242,25.0
1554,200.0,43.49959919829346,25.0
1555,200.0,43.50209778356354,25.0
1556,200.0,43.504592207993156,25.0
1557,200.0,43.50708247851129,25.0
1558,200.0,43.509568602035344,25.0
1559,200.0,43.512050585471215,25.0
1560,200.0,43.51452843571332,25.0
1561,200.0,43.51700215964457,25.0
1562,200.0,43.51947176413641,25.0
1563,200.0,43.521937256048886,25.0
1564,200.0,43.52439864223055,25.0
1565,200.0,43.526855929518604,25.0
1566,200.0,43.52930912473886,25.0
1567,200.0,43.531758234705734,25.0
1568,200.0,43.534203266222306,25.0
1569,200.0,43.536644226080355,25.0
1570,200.0,43.539081121060306,25.0
1571,200.0,43.54151395793133,25.0
1572,200.0,43.54394274345129,25.0
1573,200.0,43.546367484366826,25.0
1574,200.0,43.54878818741332,25.0
1575,200.0,43.55120485931497,25.0
1576,200.0,43.55361750678474,25.0
1577,200.0,43.55602613652443,25.0
1578,200.0,43.55843075522468,25.0
1579,200.0,43.560831369564994,25.0
1580,200.0,43.56322798621373,25.0
1581,200.0,43.56562061182818,25.0
1582,200.0,43.56800925305453,25.0
1583,200.0,43.57039391652786,25.0
1584,200.0,43.57277460887228,25.0
1585,200.0,43.5751513367008,25.0
1586,200.0,43.57752410661545,25.0
1587,200.0,43.57989292520726,25.0
1588,200.0,43.58225779905628,25.0
1589,200.0,43.58461873473161,25.0
1590,200.0,43.58697573879141,25.0
1591,200.0,43.5893288177829,25.0
1592,200.0,43.59167797824243,25.0
1593,200.0,43.59402322669543,25.0
1594,200.0,43.596364569656494,25.0
1595,200.0,43.59870201362935,25.0
1596,200.0,43.6010355651069,25.0
1597,200.0,43.60336523057122,25.0
1598,200.0,43.60569101649362,25.0
1599,200.0,43.60801292933462,25.0
1600,200.0,43.610330975543974,25.0
1601,200.0,43.61264516156069,25.0
1602,200.0,43.614955493813085,25.0
1603,200.0,43.61726197871873,25.0
1604,200.0,43.619564622684535,25.0
1605,200.0,43.62186343210675,25.0
1606,200.0,43.624158413370935,25.0
1607,200.0,43.62644957285205,25.0
1608,200.0,43.62873691691444,25.0
1609,200.0,43.63102045191182,25.0
1610,200.0,43.63330018418736,25.0
1611,200.0,43.63557612007364,25.0
1612,200.0,43.6378482658927,25.0
1613,200.0,43.64011662795608,25.0
1614,200.0,43.64238121256477,25.0
1615,200.0,43.64464202600929,25.0
1616,200.0,43.646899074569674,25.0
1617,200.0,43.64915236451551,25.0
1618,200.0,43.65140190210593,25.0
1619,200.0,43.65364769358966,25.0
1620,200.0,43.655889745205,25.0
1621,200.0,43.65812806317989,25.0
1622,200.0,43.660362653731866,25.0
1623,200.0,43.662593523068125,25.0
1624,200.0,43.664820677385535,25.0
1625,200.0,43.667044122870635,25.0
1626,200.0,43.66926386569966,25.0
1627,200.0,43.67147991203858,25.0
1628,200.0,43.673692268043055,25.0
1629,200.0,43.675900939858536,25.0
1630,200.0,43.67810593362022,25.0
1631,200.0,43.680307255453094,25.0
1632,200.0,43.68250491147194,25.0
1633,200.0,43.68469890778136,25.0
1634,200.0,43.68688925047579,25.0
1635,200.0,43.689075945639516,25.0
1636,200.0,43.69125899934669,25.0
1637,200.0,43.693438417661355,25.0
1638,200.0,43.69561420663745,25.0
1639,200.0,43.69778637231884,25.0
1640,200.0,43.69995492073931,25.0
1641,200.0,43.70211985792261,25.0
1642,200.0,43.704281189882465,25.0
1643,200.0,43.706438922622574,25.0
1644,200.0,43.70859306213663,25.0
1645,200.0,43.71074361440836,25.0
1646,200.0,43.71289058541153,25.0
1647,200.0,43.71503398110994,25.0
1648,200.0,43.71717380745747,25.0
1649,200.0,43.71931007039808,25.0
1650,200.0,43.72144277586585,25.0
1651,200.0,43.723571929784946,25.0
1652,200.0,43.725697538069696,25.0
1653,200.0,43.727819606624564,25.0
1654,200.0,43.72993814134419,25.0
1655,200.0,43.73205314811339,25.0
1656,200.0,43.734164632807186,25.0
1657,200.0,43.736272601290814,25.0
1658,200.0,43.73837705941975,25.0
1659,200.0,43.7404780130397,25.0
1660,200.0,43.742575467986654,25.0
1661,200.0,43.74466943008688,25.0
1662,200.0,43.746759905156935,25.0
1663,200.0,43.7488468990037,25.0
1664,200.0,43.750930417424385,25.0
1665,200.0,43.75301046620653,25.0
1666,200.0,43.75508705112806,25.0
1667,200.0,43.75716017795727,25.0
1668,200.0,43.75922985245283,25.0
1669,200.0,43.76129608036386,25.0
1670,200.0,43.763358867429865,25.0
1671,200.0,43.76541821938083,25.0
1672,200.0,43.76747414193715,25.0
1673,200.0,43.769526640809744,25.0
1674,200.0,43.771575721699996,25.0
1675,200.0,43.773621390299795,25.0
1676,200.0,43.775663652291556,25.0
1677,200.0,43.77770251334823,25.0
1678,200.0,43.77973797913333,25.0
1679,200.0,43.78177005530091,25.0
1680,200.0,43.78379874749564,25.0
1681,200.0,43.78582406135278,25.0
1682,200.0,43.7878460024982,25.0
1683,200.0,43.789864576548396,25.0
1684,200.0,43.791879789110524,25.0
1685,200.0,43.79389164578241,25.0
1686,200.0,43.79590015215253,25.0
1687,200.0,43.79790531380008,25.0
1688,200.0,43.79990713629495,25.0
1689,200.0,43.80190562519776,25.0
1690,200.0,43.80390078605987,25.0
1691,200.0,43.80589262442339,25.0
1692,200.0,43.80788114582121,25.0
1693,200.0,43.809866355777004,25.0
1694,200.0,43.811848259805245,25.0
1695,200.0,43.81382686341122,25.0
1696,200.0,43.815802172091054,25.0
1697,200.0,43.81777419133172,25.0
1698,200.0,43.81974292661104,25.0
1699,200.0,43.821708383397734,25.0
1700,200.0,43.8236705671514,25.0
1701,200.0,43.82562948332256,25.0
1702,200.0,43.82758513735263,25.0
1703,200.0,43.829537534673996,25.0
1704,200.0,43.831486680709986,25.0
1705,200.0,43.833432580874884,25.0
1706,200.0,43.835375240573995,25.0
1707,200.0,43.83731466520357,25.0
1708,200.0,43.83925086015091,25.0
1709,200.0,43.84118383079435,25.0
1710,200.0,43.84311358250323,25.0
1711,200.0,43.84504012063799,25.0
1712,200.0,43.84696345055012,25.0
1713,200.0,43.8488835775822,25.0
1714,200.0,43.85080050706792,25.0
1715,200.0,43.85271424433209,25.0
1716,200.0,43.85462479469065,25.0
1717,200.0,43.85653216345068,25.0
1718,200.0,43.85843635591043,25.0
1719,200.0,43.860337377359315,25.0
1720,200.0,43.86223523307797,25.0
1721,200.0,43.8641299283382,25.0
1722,200.0,43.86602146840306,25.0
1723,200.0,43.86790985852683,25.0
1724,200.0,43.86979510395503,25.0
1725,200.0,43.87167720992446,25.0
1726,200.0,43.87355618166318,25.0
1727,200.0,43.87543202439058,25.0
1728,200.0,43.877304743317325,25.0
1729,200.0,43.87917434364542,25.0
1730,200.0,43.881040830568175,25.0
1731,200.0,43.88290420927031,25.0
1732,200.0,43.88476448492786,25.0
1733,200.0,43.88662166270826,25.0
1734,200.0,43.88847574777034,25.0
1735,200.0,43.89032674526434,25.0
1736,200.0,43.89217466033192,25.0
1737,200.0,43.894019498106175,25.0
1738,200.0,43.89586126371165,25.0
1739,200.0,43.89769996226438,25.0
1740,200.0,43.89953559887185,25.0
1741,200.0,43.901368178633064,25.0
1742,200.0,43.9031977066385,25.0
1743,200.0,43.9050241879702,25.0
1744,200.0,43.90684762770171,25.0
1745,200.0,43.908668030898156,25.0
1746,200.0,43.9104854026162,25.0
1747,200.0,43.912299747904115,25.0
1748,200.0,43.91411107180174,25.0
1749,200.0,43.91591937934053,25.0
1750,200.0,43.91772467554357,25.0
1751,200.0,43.91952696542556,25.0
1752,200.0,43.92132625399288,25.0
1753,200.0,43.92312254624354,25.0
1754,200.0,43.92491584716725,25.0
1755,200.0,43.9267061617454,25.0
1756,200.0,43.928493494951084,25.0
1757,200.0,43.930277851749125,25.0
1758,200.0,43.932059237096055,25.0
1759,200.0,43.933837655940195,25.0
1760,200.0,43.93561311322157,25.0
1761,200.0,43.937385613872024,25.0
1762,200.0,43.93915516281517,25.0
1763,200.0,43.94092176496642,25.0
1764,200.0,43.942685425232995,25.0
1765,200.0,43.94444614851396,25.0
1766,200.0,43.946203939700226,25.0
1767,200.0,43.947958803674524,25.0
1768,200.0,43.94971074531149,25.0
1769,200.0,43.95145976947764,25.0
1770,200.0,43.95320588103135,25.0
1771,200.0,43.95494908482296,25.0
1772,200.0,43.95668938569467,25.0
1773,200.0,43.958426788480686,25.0
1774,200.0,43.96016129800711,25.0
1775,200.0,43.96189291909202,25.0
1776,200.0,43.963621656545484,25.0
1777,200.0,43.965347515169555,25.0
1778,200.0,43.96707049975827,25.0
1779,200.0,43.96879061509772,25.0
1780,200.0,43.970507865965985,25.0
1781,200.0,43.97222225713322,25.0
1782,200.0,43.97393379336162,25.0
1783,200.0,43.97564247940545,25.0
1784,200.0,43.97734832001106,25.0
1785,200.0,43.97905131991691,25.0
1786,200.0,43.980751483853545,25.0
1787,200.0,43.98244881654365,25.0
1788,200.0,43.984143322702025,25.0
1789,200.0,43.985835007035654,25.0
1790,200.0,43.98752387424365,25.0
1791,200.0,43.989209929017306,25.0
1792,200.0,43.99089317604012,25.0
1793,200.0,43.992573619987766,25.0
1794,200.0,43.99425126552816,25.0
1795,200.0,43.995926117321424,25.0
1796,200.0,43.99759818001992,25.0
1797,200.0,43.99926745826828,25.0
1798,200.0,44.00093395670336,25.0
1799,200.0,44.00259767995436,25.0
