voltage,current,temperature
3.8,50.0,30.0
3.8199666833293655,49.75020826390129,30.00111111111111
3.839733866159012,49.00332889206208,30.002222222222223
3.8591040413322677,47.7668244562803,30.003333333333334
3.87788366846173,46.05304970014426,30.004444444444445
3.8958851077208405,43.879128094518634,30.005555555555556
3.912928494679007,41.26678074548391,30.006666666666668
3.928843537447538,38.242109364224426,30.00777777777778
3.9434712181799045,34.83533546735827,30.00888888888889
3.9566653819254967,31.08049841353322,30.01
3.9682941969615793,27.01511529340699,30.011111111111113
3.9782414720122867,22.679806071278865,30.01222222222222
3.986407817193445,18.117887723833682,30.013333333333332
3.9927116370834383,13.374941431229367,30.014444444444443
3.9970899459976916,8.498357145012053,30.015555555555554
3.999498997320811,3.5368600833851453,30.016666666666666
3.999914720608301,-1.4599761150644408,30.017777777777777
3.9983329620904935,-6.4422247147762315,30.01888888888889
3.994769526175639,-11.360104734654355,30.02
3.989260017537483,-16.16447834317517,30.02111111111111
3.981859485365136,-20.80734182735712,30.022222222222222
3.9726418733297746,-25.24230522999288,30.023333333333333
3.9616992807639178,-29.42505586276729,30.024444444444445
3.9491410424353437,-33.3138010639912,30.025555555555556
3.93509263611023,-36.86968577706227,30.026666666666667
3.919694428820791,-40.05718077734669,30.02777777777778
3.903100274364293,-42.84443766844737,30.02888888888889
3.8854759760467656,-45.20360710085306,30.03
3.866997630031181,-47.111117033432905,30.031111111111112
3.847849865842796,-48.54790825747953,30.032222222222224
3.8282240016119733,-49.49962483002227,30.033333333333335
3.808316132486658,-49.95675751366397,30.034444444444443
3.788325171314484,-49.914738789737655,30.035555555555554
3.7684508611713503,-49.37398849544324,30.036666666666665
3.7488917795946337,-48.339909628973054,30.037777777777777
3.729843354462076,-46.822834364539816,30.038888888888888
3.7114959113410295,-44.83792081670735,30.04
3.6940327718183013,-42.4050015855204,30.04111111111111
3.677628421811456,-39.548385595720845,30.04222222222222
3.662446768163205,-36.29661521000701,30.043333333333333
3.648639500938414,-32.6821810431806,30.044444444444444
3.636344577787118,-28.74119732666346,30.045555555555556
3.625684845517282,-24.513041067034973,30.046666666666667
3.6167668126501087,-20.039958603998773,30.047777777777778
3.6096795852220964,-15.366643498920968,30.04888888888889
3.6044939764669803,-10.539789971538985,30.05
3.601261799273307,-5.607626346752744,30.051111111111112
3.6000153484871795,-0.6194331731445281,30.052222222222223
3.6007670782328316,4.37494917197232,30.053333333333335
3.6035094774751335,9.325618471128788,30.054444444444446
3.6082151450673723,14.183109273161312,30.055555555555557
3.6148370635344533,18.898887135649012,30.05666666666667
3.6233090688559693,23.425833565018856,30.057777777777776
3.6335465115552195,27.71871680895804,30.058888888888887
3.645447102488802,31.734643797131735,30.06
3.6588919348859212,35.433488714563,30.06111111111111
3.6737466724255357,38.77829392551248,30.06222222222222
3.6898628914804723,41.73563924195799,30.063333333333333
3.7070795641172483,44.27597584706594,30.064444444444444
3.725224667033953,46.373921537201795,30.065555555555555
3.744116900360215,48.008514332518295,30.066666666666666
3.7635674991455805,49.163421922129224,30.067777777777778
3.7833821194365007,49.827104851160875,30.06888888888889
3.8033627800968697,49.99293181917076,30.07
3.8233098409700985,49.65924593790963,30.07111111111111
3.843023997617563,48.82938128640117,30.072222222222223
3.862308272702675,47.51162959792648,30.073333333333334
3.8809699841233196,45.71915741176597,30.074444444444445
3.8988226702277213,43.46987451749126,30.075555555555557
3.91568795287764,40.786255006267844,30.076666666666668
3.9313973197437577,37.69511271716523,30.07777777777778
3.945793808025175,34.22733332214033,30.07888888888889
3.9587335727698303,30.41756572661273,30.08
3.970087324125713,26.303875869055265,30.08111111111111
3.979741619162325,21.92736637871952,30.08222222222222
3.9875999953549477,17.331765891751292,30.083333333333332
3.9935839344062973,12.562992129112786,30.084444444444443
3.9976336467754,7.668693101893218,30.085555555555555
3.999708669074921,2.6977710281324874,30.086666666666666
3.999788268367954,-2.3001062819768476,30.087777777777777
3.997871649324676,-7.275001690430677,30.08888888888889
3.993977962169017,-12.177207686789556,30.09
3.9881461113359546,-16.957743049191727,30.09111111111111
3.9804343667512585,-21.56884224853104,30.092222222222222
3.970919781617656,-25.964432705834277,30.093333333333334
3.9596974225246977,-30.100595134241182,30.094444444444445
3.9468794195748225,-33.93600236600062,30.095555555555556
3.9325938460164367,-37.43233227986993,30.096666666666668
3.916983438578352,-40.5546507030828,30.09777777777778
3.900204171291577,-43.27176046205562,30.09888888888889
3.882423697048351,-45.55651309423385,30.1
3.8638196724698703,-47.386080106555596,30.101111111111113
3.8445779828200495,-48.742181070208176,30.102222222222224
3.824890884701412,-49.611266272630175,30.10333333333333
3.8049550850906715,-49.984652101760325,30.104444444444443
3.784969775907638,-49.85860780981892,30.105555555555554
3.765134643755404,-49.23439278970635,30.106666666666666
3.7456478747178115,-48.118243991565514,30.107777777777777
3.726704174149614,-46.521313605237665,30.108888888888888
3.7084928212449357,-44.45955763126804,30.11
3.691195777822126,-41.95357645382262,30.11111111111111
3.6749858702214233,-39.028409008459185,30.112222222222222
3.6600250624812913,-35.71328260136001,30.113333333333333
3.646462838047283,-32.04132087974966,30.114444444444445
3.6344347061828692,-28.04921287136144,30.115555555555556
3.6240608480056657,-23.776846399799627,30.116666666666667
3.6154449156774384,-19.26690953859148,30.11777777777778
3.608672996745962,-14.564464086067275,30.11888888888889
3.6038127539867015,-9.71649532276674,30.12
3.6009127493387245,-4.771442550047532,30.121111111111112
3.6000019586898593,0.22128489940253926,30.122222222222224
3.601089482359202,5.211801343284844,30.123333333333335
3.6041644541697364,10.15024319093752,30.124444444444446
3.609196150019582,14.987267163850746,30.125555555555554
3.6161342948670647,19.674543317394544,30.126666666666665
3.624909565062314,24.165237937650293,30.127777777777776
3.635434281006258,28.41448148839868,30.128888888888888
3.6476032832161933,32.37981693269379,30.13
3.6612949830445753,36.02162394954193,30.13111111111111
3.676372577552593,39.30351480705197,30.13222222222222
3.6926854163999128,42.192697936624604,30.133333333333333
3.7100705070930795,44.660305575466126,30.134444444444444
3.728354143552634,46.68168220373187,30.135555555555555
3.7473536417268396,48.23663089433049,30.136666666666667
3.766879164910338,49.30961511394318,30.137777777777778
3.7867356205297598,49.889913958929036,30.13888888888889
3.806724609444227,49.97172927505024,30.14
3.826646408283988,49.55424359071266,30.141111111111112
3.8463019650203076,48.64162828487177,30.142222222222223
3.8654948878275386,47.24300190799303,30.143333333333334
3.884033407365328,45.37233907250981,30.144444444444446
3.9017322928744744,43.04833082311533,30.145555555555557
3.9184147029414444,40.29419788202254,30.14666666666667
3.9339139524393203,37.13745863518347,30.147777777777776
3.9480751779904897,33.609654177673406,30.148888888888887
3.960756885310324,29.7460331654946,30.15
3.971832362971299,25.585199622657452,30.15111111111111
3.981190948461692,21.168727222533274,30.15222222222222
3.9887391338888207,16.540743897452348,30.153333333333332
3.994401500278995,11.747490926991153,30.154444444444444
3.998121471138974,6.83686091039168,30.155555555555555
3.9998618777495833,1.8579192395413204,30.156666666666666
3.999605330543272,-3.1395861462040884,30.157777777777778
3.9973543928549224,-8.105721824985913,30.15888888888889
3.9931315553098554,-12.990867810687792,30.16
3.9869790111049364,-17.74621333943525,30.16111111111111
3.9789582344281005,-22.32424457061328,30.162222222222223
3.969149366228587,-26.679219329455883,30.163333333333334
3.957650413475063,-30.76762414773604,30.164444444444445
3.944576269902395,-34.54860903595629,30.165555555555557
3.9300575680314234,-37.98439564294107,30.166666666666668
3.9142393739319976,-41.04065472463341,30.16777777777778
3.8972797377707598,-43.68684915055401,30.16888888888889
3.879348114626122,-45.89653902071466,30.17
3.86062367134914,-47.64764584435902,30.17111111111111
3.8412934963875593,-48.92267314094421,30.17222222222222
3.821550730459889,-49.708881259190754,30.173333333333332
3.8015926367571873,-49.998414667466996,30.174444444444443
3.7816186299544636,-49.78838044366442,30.175555555555555
3.761828283725162,-49.08087718031922,30.176666666666666
3.7424193366669867,-47.882974016169236,30.177777777777777
3.723585716563198,-46.20664000365648,30.17888888888889
3.7055156027203067,-44.06862451811173,30.18
3.688389545742644,-41.49028990353245,30.18111111111111
3.6723786635304103,-38.497398027103586,30.182222222222222
3.6576429315261754,-35.11985287513568,30.183333333333334
3.64432958429314,-31.391401762319298,30.184444444444445
3.6325716443960503,-27.34929813971178,30.185555555555556
3.622486593283699,-23.033929370568128,30.186666666666667
3.614175197453126,-18.488413193158657,30.18777777777778
3.6077205016240885,-13.758166902579847,30.18888888888889
3.603186998983671,-8.890453556155782,30.19
3.6006199867916804,-3.9339097365920077,30.191111111111113
3.6000451137853977,1.0619404086823006,30.192222222222224
3.6014681239058732,6.047179996423707,30.19333333333333
3.6048747989063683,10.971998160572966,30.194444444444443
3.610231100416375,15.787187745962166,30.195555555555554
3.617483510041763,20.444636969943993,30.196666666666665
3.6265595641028834,24.897810139420773,30.197777777777777
3.637368577667702,29.102212620106123,30.198888888888888
3.6498025506456644,33.01583541220401,30.2
3.6637372468889,36.599574890447336,30.20111111111111
3.679033435518743,39.81762351459616,30.202222222222222
3.6955382820746534,42.63782760654366,30.203333333333333
3.7130868755856206,45.032008619238425,30.204444444444444
3.7315038763060775,46.9762446874128,30.205555555555556
3.7506052676526758,48.451109646952496,30.206666666666667
3.77020019483716,49.441867134707294,30.20777777777778
3.7900928718243265,49.93861782936051,30.20888888888889
3.810084537561362,49.93639836217508,30.21
3.82997544193259,49.43523090933346,30.211111111111112
3.849566841596592,48.440122970360505,30.212222222222223
3.868662985763979,46.96101733484354,30.213333333333335
3.8870730720745783,45.01269273736522,30.214444444444446
3.904613153031539,42.61461619327322,30.215555555555557
3.92110797394392,39.790748490697204,30.216666666666665
3.936392724013627,36.569304782274834,30.217777777777776
3.9503146830704297,32.9824726686731,30.218888888888888
3.962734747501421,29.06609059072178,30.22
3.973528820128333,24.859289743560264,30.22111111111111
3.9825890501455254,20.404103090669597,30.22222222222222
3.989824910729579,15.745045384396711,30.223333333333333
3.995164103553395,10.928668389263132,30.224444444444444
3.9985532811671813,6.003095752121337,30.225555555555555
3.9999585800285336,1.017542166584149,30.226666666666667
3.9993659588557597,-3.9781783639270034,30.227777777777778
3.9967813389237232,-8.934150251236728,30.22888888888889
3.992230544900423,-13.800855062473353,30.23
3.985759046815448,-18.529666291882073,30.23111111111111
3.97743150573847,-23.073335220795467,30.232222222222223
3.967331127707211,-27.38646301121342,30.233333333333334
3.9555588323602184,-31.4259543159844,30.234444444444446
3.9422322445811964,-35.151447873269305,30.235555555555557
3.9274845192300476,-38.52571978292844,30.236666666666668
3.911463010703532,-41.51505543542626,30.23777777777778
3.894327800618839,-44.08958637706621,30.238888888888887
3.876250098330988,-46.22358874570608,30.24
3.8574105302655455,-47.89574029508578,30.24111111111111
3.8379973351590873,-49.08933343966383,30.24222222222222
3.8182044832399695,-49.79244219128897,30.243333333333332
3.798229738141919,-49.998041319731854,30.244444444444444
3.778272680915184,-49.704076546463085,30.245555555555555
3.758532715878648,-48.91348507032537,30.246666666666666
3.7392070782377904,-47.63416622001343,30.247777777777777
3.720488863375713,-45.878902526593066,30.24888888888889
3.702565097507898,-43.66523200467578,30.25
3.685614868978087,-41.01527291837445,30.25111111111111
3.6698075388667504,-37.955502782919496,30.252222222222223
3.655301048791151,-34.51649381007862,30.253333333333334
3.6422403428049166,-30.73260744072349,30.254444444444445
3.6307559191649657,-26.641651016669876,30.255555555555556
3.6209625264360636,-22.28450002221666,30.256666666666668
3.612958016961092,-17.704689669817945,30.25777777777778
3.606822369152786,-12.947979910630563,30.25888888888889
3.60261688837587,-8.061898216209443,30.26
3.6003835944041205,-3.095264699721027,30.261111111111113
3.6001448015726742,1.902295678488524,30.26222222222222
3.6019028958205683,6.88084894709379,30.263333333333332
3.605640310851227,11.79065104752613,30.264444444444443
3.6113197036490887,16.582644860162475,30.265555555555554
3.618884327598675,21.208950366849848,30.266666666666666
3.628258599478014,25.623343052218544,30.267777777777777
3.639348854661209,29.78171576376043,30.26888888888889
3.6520442829844213,33.642519415917334,30.27
3.6662180359243948,37.16717813480865,30.27111111111111
3.681728494026975,40.32047469561273,30.272222222222222
3.6984206819218755,43.07090240143514,30.273333333333333
3.7161278167853538,45.39097988780976,30.274444444444445
3.7346729747790555,47.257525707408554,30.275555555555556
3.753870858814521,48.651889951399966,30.276666666666667
3.7735296499804454,49.56014059317368,30.27777777777778
3.7934529241338306,49.973202692544774,30.27888888888889
3.813441614505095,49.88694906955652,30.28
3.8332960007074317,49.30224154189816,30.281111111111112
3.8528177042768936,48.224922313907484,30.282222222222224
3.8718116708044334,46.665755603196104,30.283333333333335
3.8900881188550778,44.64032008814549,30.284444444444443
3.9074644362012942,42.16885325090215,30.285555555555554
3.9237670044240076,39.27604917114534,30.286666666666665
3.938832933650448,35.99081179100628,30.287777777777777
3.9525116900959203,32.34596611643202,30.288888888888888
3.9646666001476163,28.377930240577193,30.29
3.9751762159621777,24.12635146625524,30.29111111111111
3.983935528932404,19.63371016319379,30.29222222222222
3.9908570188985393,14.94489531822358,30.293333333333333
3.9958715286207833,10.1067560193591,30.294444444444444
3.9989289547755673,5.167633355198544,30.295555555555556
3.999998748571404,0.17687740674549723,30.296666666666667
3.9990702209823117,-4.8156458422880295,30.297777777777778
3.9961526495490305,-9.760052749906114,30.29888888888889
3.9912751856809003,-14.60694043669181,30.3
3.984486563384617,-19.30788040304663,30.301111111111112
3.975854612330145,-23.815902410750763,30.302222222222223
3.9654655801190755,-28.085963794057488,30.303333333333335
3.953423270527106,-32.07539951111915,30.304444444444446
3.9398480063310193,-35.74434843898325,30.305555555555557
3.924875427083278,-39.056151652755716,30.306666666666665
3.9086551338464495,-41.977718709461016,30.307777777777776
3.8913491944288383,-44.47985827681042,30.308888888888887
3.873130524056524,-46.537569803344184,30.31
3.8541811576615737,-48.13029331567833,30.31111111111111
3.8346904310491783,-49.24211484696192,30.31222222222222
3.814853089116872,-49.86192544397369,30.313333333333333
3.794867340027888,-49.983532164110485,30.314444444444444
3.774932874780714,-49.60571995322253,30.315555555555555
3.7552488719626407,-48.73226378603289,30.316666666666666
3.73601200762316,-47.37189094783788,30.317777777777778
3.7174144901518917,-45.538193834357365,30.31888888888889
3.699642139795885,-43.24949414100943,30.32
3.68287253200514,-40.52865979858664,30.32111111111111
3.667273223157406,-37.40287648445002,30.322222222222223
3.6530000763902444,-33.90337599222793,30.323333333333334
3.640195704268077,-30.06512417405774,30.324444444444445
3.628988043844586,-25.92647157334896,30.325555555555557
3.6194890783579625,-21.5287702388315,30.326666666666668
3.611793718331409,-16.91596054855276,30.32777777777778
3.605978853258563,-12.134132172146009,30.32888888888889
3.602102583349093,-7.231063558086165,30.33
3.60020363901061,-2.2557445472255675,30.33111111111111
3.600300993867237,2.7421131175007205,30.33222222222222
3.6023936751814274,7.712572494379202,30.333333333333332
3.6064607735732386,12.605970396331356,30.334444444444443
3.6124616519399435,17.373413609062997,30.335555555555555
3.620336351488529,21.967267415900054,30.336666666666666
3.630006190824134,26.341631548130458,30.337777777777777
3.6413745521085428,30.45279880531781,30.33888888888889
3.6543278464336812,34.25969176319935,30.34
3.6687366487644417,37.72427320573131,30.34111111111111
3.6844569911108533,40.811926180378514,30.342222222222222
3.701331801008644,43.49179987926046,30.343333333333334
3.7191924709353867,45.737117890226564,30.344444444444445
3.7378605429811254,47.52544573791461,30.345555555555556
3.7571494919408224,48.83891504161305,30.346666666666668
3.7768665890125526,49.664402050214655,30.34777777777778
3.7968148274799796,49.99365877039914,30.34888888888889
3.816794891138349,49.823395377856244,30.35
3.8366071457961173,49.15531308812265,30.351111111111113
3.856053633953804,47.99608715859877,30.352222222222224
3.874940052729892,46.35730019158319,30.35333333333333
3.893077695270991,44.25532640473949,30.354444444444443
3.910285336248338,41.71116802532551,30.355555555555554
3.926391042601377,38.75024544288148,30.356666666666666
3.9412338914360667,35.40214321710028,30.357777777777777
3.954665577913244,31.70031447868677,30.358888888888888
3.9665518970615556,27.681746676732743,30.36
3.976774084709166,23.38659201235368,30.36111111111111
3.9852300041361057,18.857766251166684,30.362222222222222
3.991835166590616,14.140519923146776,30.363333333333333
3.996523575472828,9.281986194289566,30.364444444444445
3.9992483857509726,4.330709927595376,30.365555555555556
3.9999823720214533,-0.663837361152974,30.366666666666667
3.9987182005360786,-5.65175180642414,30.36777777777778
3.9954685024784515,-10.583195815866276,30.36888888888889
3.9902657477573564,-15.408896031055356,30.37
3.983161920578164,-20.080635650606304,30.371111111111112
3.9742280000338353,-24.55173619651202,30.372222222222224
3.963553250905288,-28.77752391006716,30.373333333333335
3.9512443317572123,-32.71577611729758,30.374444444444446
3.9374242292409485,-36.327143103961475,30.375555555555554
3.922231029252519,-39.57554128488784,30.376666666666665
3.9058165372240046,-42.42851373923026,30.377777777777776
3.8883447613338444,-44.85755450929225,30.378888888888888
3.8699902737913323,-46.83839342263348,30.38
3.8509364665688066,-48.35123859161004,30.38111111111111
3.8313737190096817,-49.380974167373864,30.38222222222222
3.811497495620985,-49.91731137243711,30.383333333333333
3.7915063930566095,-49.95489130273631,30.384444444444444
3.7716001558051997,-49.49333847203017,30.385555555555555
3.751977680409245,-48.53726456363412,30.386666666666667
3.7328350281565714,-47.0962223520047,30.387777777777778
3.7143634661007696,-45.18461025457533,30.38888888888889
3.6967475559840146,-42.8215284675286,30.39
3.680163310157147,-40.03058812294968,30.391111111111112
3.664776432922447,-36.83967537419962,30.392222222222223
3.650740664871017,-33.28067276668797,30.393333333333334
3.6381962467576185,-29.38914067801935,30.394444444444446
3.627268518261409,-25.203962010454244,30.395555555555557
3.618066665633294,-20.766953685802843,30.39666666666667
3.6106826307430078,-16.122448824565446,30.397777777777776
3.6051901924263348,-11.316853784045682,30.398888888888887
3.601644229311377,-6.398184481370234,30.4
3.6000801714894393,-1.4155866343155326,30.40111111111111
3.6005136465092704,3.581155286458522,30.40222222222222
3.602940323231759,8.542115487382484,30.403333333333332
3.6073359551052477,13.417725694004837,30.404444444444444
3.6136566224290587,18.159270420803118,30.405555555555555
3.6218391711846274,22.719373720213458,30.406666666666666
3.6318018440495794,27.05247254743789,30.407777777777778
3.643445097289869,31.115272011326546,30.40888888888889
3.656652595367868,34.86717796261977,30.41
3.6712923733286,38.27070259726717,30.41111111111111
3.6872181553499472,41.291839022175004,30.412222222222223
3.704270816282317,43.900401040840514,30.413333333333334
3.722279971574531,46.07032476384903,30.414444444444445
3.741065679699948,47.77992903064197,30.415555555555557
3.7604402400727075,49.012132040505406,30.416666666666668
3.780210068489942,49.75462202827694,30.41777777777778
3.8001776313611435,49.99998027943332,30.41888888888889
3.8201434193984998,49.745755255433686,30.42
3.8399079410477572,48.99448708868218,30.42111111111111
3.859273715741877,47.75368220236474,30.42222222222222
3.878047247061589,46.0357383087499,30.423333333333332
3.8960409560876514,43.8578205353459,30.424444444444443
3.9130750556274045,41.2416899166209,30.425555555555555
3.9289793465889735,38.21348596493902,30.426666666666666
3.9435949185543286,34.80346549319449,30.427777777777777
3.9567757375596586,31.045700298738083,30.42888888888889
3.968390105218461,26.977736729240785,30.43
3.978321974608288,22.640220531999354,30.43111111111111
3.9864721097732376,18.07649073506379,30.432222222222222
3.9927590772568173,13.332146617996862,30.433333333333334
3.9971200597581262,8.454592098944651,30.434444444444445
3.9995114837815606,3.492562090356365,30.435555555555556
3.9999094550087784,-1.5043644441508741,30.436666666666667
3.998309997042828,-6.4862598664092825,30.43777777777778
3.9947290911389954,-11.403346724154979,30.43888888888889
3.9892025165253813,-16.20649511087818,30.44
3.9817854929086827,-20.847713555608518,30.441111111111113
3.9725521287371355,-25.280628537828775,30.442222222222224
3.961594680733397,-29.46094783636412,30.443333333333335
3.9490226320958697,-33.346903082613096,30.444444444444443
3.934961598578773,-36.8996670962812,30.445555555555554
3.919552073381051,-40.08374183373151,30.446666666666665
3.9029480233847673,-42.867313072702416,30.447777777777777
3.8853153507689147,-45.22256828950083,30.448888888888888
3.866830235369684,-47.12597455254415,30.45
3.8476773743497783,-48.55851365563451,30.45111111111111
3.828048136765414,-49.5058721415883,30.452222222222222
3.8081386514699727,-49.95858431756893,30.453333333333333
3.7881478474593226,-49.91212683316082,30.454444444444444
3.768275466239058,-49.36696387619132,30.455555555555556
3.748720066073396,-48.32854253471957,30.456666666666667
3.7296770380566366,-46.80723837153307,30.45777777777778
3.7113366538299357,-44.81825175495426,30.45888888888889
3.693882164449959,-42.38145598178414,30.46
3.677487969404906,-39.52119870989078,30.461111111111112
3.662317874072466,-36.26605868445957,30.462222222222223
3.648523453030634,-32.6485601886184,30.463333333333335
3.636242535574631,-28.704848071551975,30.464444444444446
3.625597828572145,-24.47432660111556,30.465555555555557
3.616695690416873,-19.999265749417564,30.466666666666665
3.609625068330607,-15.324378845229699,30.467777777777776
3.6044566096319954,-10.496375813186457,30.468888888888888
3.601241955851891,-5.563496463658753,30.47
3.600013226748239,-0.5750284965132431,30.47111111111111
3.600782699376081,4.4191849652902775,30.47222222222222
3.603542685419273,9.369243391708949,30.473333333333333
3.608265608009601,14.225687435217765,30.474444444444444
3.6149042772657336,18.93999311226062,30.475555555555555
3.623392361798916,23.46505663885544,30.476666666666667
3.63364505147428,27.75566507603128,30.477777777777778
3.6455599048056784,31.768948082570468,30.47888888888889
3.65901787251715,35.46480626128664,30.48
3.673884487043934,38.80631181894613,30.48111111111111
3.6900112060879304,41.760077536572155,30.482222222222223
3.7072368968032343,44.296590363499085,30.483333333333334
3.7253894457822754,46.39050630201992,30.484444444444446
3.74428747875609,48.020903636233555,30.485555555555557
3.7637421728260607,49.17149197491417,30.486666666666668
3.783559143119911,49.83077501971575,30.48777777777778
3.8035403850210825,49.99216543238456,30.488888888888887
3.823486252565419,49.65405065326578,30.49
3.8431974532376447,48.81980901346648,30.49111111111111
3.862477039236298,47.49777597968803,30.49222222222222
3.881132375311067,45.70116086899772,30.493333333333332
3.8989770635105256,43.447914865699666,30.494444444444444
3.915832805608854,40.76055165903472,30.495555555555555
3.9315311846027736,37.66592249383969,30.496666666666666
3.9459153474785706,34.19494788178508,30.497777777777777
3.9588415724355634,30.382308653842394,30.49888888888889
3.9701807049068236,26.266099440886485,30.5
3.979819448028916,21.887448044735354,30.50111111111111
3.987661494666711,17.29010450274962,30.502222222222223
3.993628489682438,12.52000395192143,30.503333333333334
3.997660812834327,7.624807660168374,30.504444444444445
3.999718174482354,2.6534268107012284,30.505555555555556
3.999780018149004,-2.3444662023521556,30.506666666666668
3.997845725912803,-7.318934084089126,30.50777777777778
3.993934624582384,-12.220273595775485,30.50888888888889
3.988085792589401,-16.99951217317859,30.51
3.9803576695297616,-21.608897244238914,30.511111111111113
3.9708274722545,-26.002373356986546,30.51222222222222
3.959590423344526,-30.136042350393033,30.513333333333332
3.946758799678075,-33.968601970285285,30.514444444444443
3.9324608105972483,-37.46175854781767,30.515555555555554
3.916839316882657,-40.58060961715123,30.516666666666666
3.900050403335717,-43.2939926493563,30.517777777777777
3.882261819230913,-45.57479641810024,30.51888888888889
3.8636513022204975,-47.40023188605916,30.52
3.8444048024386164,-48.7520599054462,30.52111111111111
3.8247146245490447,-49.61677345754644,30.522222222222222
3.804777506300548,-49.98573261038358,30.523333333333333
3.784792652788329,-49.85525084606415,30.524444444444445
3.7649597460625706,-49.226631895245774,30.525555555555556
3.745476949971385,-48.10615671069113,30.526666666666667
3.7265389301731617,-46.50502071006446,30.52777777777778
3.7083349091016466,-44.43922191501884,30.52888888888889
3.6910467753179375,-41.929401104252065,30.53
3.6748472661401053,-39.00063557766909,30.531111111111112
3.659898241709006,-35.68218859228994,30.532222222222224
3.6463490677352666,-32.00721697345998,30.533333333333335
3.634335123086471,-28.01243982281048,30.534444444444446
3.6239764471262674,-23.737771633132944,30.535555555555554
3.6153765403207285,-19.225923475961526,30.536666666666665
3.608621330095902,-14.521976246663337,30.537777777777777
3.6037783122793803,-9.672930231035611,30.538888888888888
3.6008958767042967,-4.727235493984998,30.54
3.600002823714111,0.26569221750521443,30.54111111111111
3.601108076399097,5.255965220183932,30.54222222222222
3.6042005914397737,10.193722355774035,30.543333333333333
3.6092494694481054,15.029627187181854,30.544444444444444
3.6162042637039695,19.715360951869567,30.545555555555556
3.6249954842021106,24.204105346958062,30.546666666666667
3.6355352919733015,28.45101032223295,30.547777777777778
3.647718376742292,32.41364220702202,30.54888888888889
3.6614230091532605,36.052407693404106,30.55
3.6765122570493074,39.33094943945522,30.551111111111112
3.692835353653297,42.21650933979063,30.552222222222223
3.710229203979659,44.68025583372533,30.553333333333335
3.7285200144255777,46.69757198069857,30.554444444444446
3.747525029259214,48.248301424605664,30.555555555555557
3.7670543566545733,49.3169497894461,30.556666666666665
3.7869128660278584,49.892839494006566,30.557777777777776
3.8069021377177603,49.97021643872294,30.558888888888887
3.8268224455291313,49.54830749874105,30.56
3.8464747523310967,48.63132824872461,30.56111111111111
3.8656626987702807,47.228440842226746,30.56222222222222
3.884194565228554,45.35366246648026,30.563333333333333
3.901885187422086,43.02572528729646,30.564444444444444
3.918557806501662,40.2678892834557,30.565555555555555
3.934045835168675,37.10770984068913,30.566666666666666
3.948194522160344,33.57676242737242,30.567777777777778
3.960862498473183,29.71032710288341,30.56888888888889
3.971923189875349,25.547036010911107,30.57
3.9812660815945327,21.12848737984483,30.57111111111111
3.9887978225450236,16.498829887028506,30.572222222222223
3.9944431580609074,11.704321539769053,30.573333333333334
3.9981456818158096,6.7928674806185345,30.574444444444445
3.999868399416262,1.813541335025484,30.575555555555557
3.999594098037456,-3.1839051161104313,30.576666666666668
3.997325518408097,-8.149539039785274,30.57777777777778
3.9930853274259483,-13.033745463254027,30.57888888888889
3.9869158916776826,-17.78772301043738,30.58
3.978878854125954,-22.363971509139603,30.58111111111111
3.969054518193285,-26.716766597068947,30.58222222222222
3.9575410453968236,-30.80261658454925,30.583333333333332
3.9444534745509023,-34.580697009108036,30.584444444444443
3.929922572337239,-38.01325854001047,30.585555555555555
3.9140935267274752,-41.06600415709355,30.586666666666666
3.8971244963129554,-43.70843183525537,30.587777777777777
3.879185030036367,-45.91413931060595,30.58888888888889
3.860454373114745,-47.66108788316153,30.59
3.84111967608052,-48.93182262024958,30.59111111111111
3.8213741248352577,-49.713646760426116,30.592222222222222
3.801415010399986,-49.99874857531932,30.593333333333334
3.781441757648538,-49.78427942183682,30.594444444444445
3.761653932720127,-49.07238220486616,30.595555555555556
3.742249249020451,-47.870169966077356,30.596666666666668
3.7234215917347044,-46.189654812762,30.59777777777778
3.705359080590887,-44.047627896827336,30.59888888888889
3.6882421902296767,-41.465491643157506,30.6
3.672241946961471,-38.46904590365843,30.601111111111113
3.657518219928029,-35.08823017366591,30.602222222222224
3.6442181237428524,-31.356824446405206,30.60333333333333
3.6324745485705945,-27.31211169446384,30.604444444444443
3.6224048323324674,-22.994505350655185,30.605555555555554
3.6141095883045167,-18.44714551035567,30.606666666666666
3.607671699823027,-13.71546788993226,30.607777777777777
3.6031554921416222,-8.846749848083899,30.608888888888888
3.600606089714595,-3.889638006099841,30.61
3.6000489653282757,1.1063378130977868,30.61111111111111
3.601489685585372,6.0912594705736005,30.612222222222222
3.6049138552853135,11.01531927692212,30.613333333333333
3.6102872612563384,15.82931765423574,30.614444444444445
3.617556214202196,20.48515472202532,30.615555555555556
3.626648085147848,24.936310895324283,30.616666666666667
3.637472031124178,29.13831169300562,30.61777777777778
3.649919902840912,33.049172112095704,30.61888888888889
3.663867325278574,36.62981612804531,30.62
3.679174940402574,39.84446712945114,30.621111111111112
3.6956897995826177,42.661005386129204,30.622222222222224
3.713246891804863,45.05128897884255,30.623333333333335
3.7316707924074297,46.991434984055495,30.624444444444446
3.7507774158656266,48.46205810421086,30.625555555555554
3.7703758551136723,49.44846435921563,30.626666666666665
3.790270289024982,49.940797903832234,30.627777777777776
3.8102619389921397,49.9341395040267,30.628888888888888
3.8301510550570335,49.42855568832891,30.63
3.84973891174641,48.429098083101614,30.63111111111111
3.868829793671116,46.945752938359334,30.63222222222222
3.887232951049565,44.99334134845969,30.633333333333333
3.904764505616506,42.59137116462748,30.634444444444444
3.921249287873869,39.763842078953786,30.635555555555555
3.936522587326481,36.539005827406044,30.636666666666667
3.9504317982148947,32.94908390782013,30.637777777777778
3.9628379443016866,29.029945633346347,30.63888888888889
3.9736170674760842,24.820749738128363,30.64
3.982661466302433,20.363553116176025,30.641111111111112
3.98988077213734,15.7028906027829,30.642222222222223
3.99520285206329,10.885329997171953,30.643333333333334
3.9985745296169073,5.959006772440964,30.644444444444446
3.9999621161106047,0.9731431218254942,30.645555555555557
3.999351747238813,-4.0224438531849085,30.64666666666667
3.9967495216055373,-8.977839898857095,30.647777777777776
3.9921814397891238,-13.84353233593956,30.648888888888887
3.9856931445530757,-18.570904773984704,30.65
3.9773494647986456,-23.11272287025314,30.65111111111111
3.967233767815886,-27.42360627965241,30.65222222222222
3.9554471263052453,-31.460482080144125,30.653333333333332
3.9421073084925498,-35.18301514314406,30.654444444444444
3.9273476014278272,-38.55401114879226,30.655555555555555
3.9113154792251583,-41.53978821930341,30.656666666666666
3.8941711295500774,-44.11051345715565,30.657777777777778
3.8760858530773694,-46.24050102554099,30.65888888888889
3.8572403519113507,-47.90846879275673,30.66
3.837822924070178,-49.097750976229506,30.66111111111111
3.818027582074293,-49.796464661506484,30.662222222222223
3.7980521144374477,-49.99762853240842,30.663333333333334
3.7780961094292596,-49.69923262603322,30.664444444444445
3.7583589608551895,-48.90425841564078,30.665555555555557
3.7390378757795566,-47.62064902075782,30.666666666666668
3.7203259040977352,-45.861229842153136,30.66777777777778
3.702410009645415,-43.6435804146727,30.66888888888889
3.685469202117757,-40.98985875833866,30.67
3.669672748463689,-37.92657998273698,30.67111111111111
3.65517848162651,-34.48435135680832,30.67222222222222
3.6421312235292898,-30.697566491133433,30.673333333333332
3.6306613380620854,-26.60406168834551,30.674444444444443
3.6208834285290457,-22.24473789530153,30.675555555555555
3.6128951925700767,-17.663152034340122,30.676666666666666
3.6067764459983214,-12.905081796913374,30.677777777777777
3.6025883253069355,-8.018068248024745,30.67888888888889
3.600372676813459,-3.0509408116228336,30.68
3.600151638545243,1.9466706168615109,30.68111111111111
3.6019274190435975,6.924831556026283,30.682222222222222
3.605682275296778,11.833801867328214,30.683333333333334
3.6113786900222933,16.624532742106616,30.684444444444445
3.6189597465271905,21.24915678106579,30.685555555555556
3.6283496974008362,25.661466269505606,30.686666666666667
3.639454721358007,29.817374869533804,30.68777777777778
3.6521638606701554,33.67535811617931,30.68888888888889
3.666350129818357,37.19686831612136,30.69
3.68187178429064,40.34671970349864,30.691111111111113
3.6985737368462934,43.09344000445072,30.692222222222224
3.7162891070963147,45.409584897675906,30.693333333333335
3.7348408889170877,47.27201222901658,30.694444444444443
3.754043719037062,48.66211324021462,30.695555555555554
3.773705729125292,49.565998501472436,30.696666666666665
3.79363046287637,49.974636690044264,30.697777777777777
3.8136188389368995,49.88394482822779,30.698888888888888
3.833471140060561,49.29482907912748,30.7
3.852989008616826,48.213175692572584,30.70111111111111
3.8719774285148283,46.64979219165447,30.702222222222222
3.890246673739684,44.62029938752861,30.703333333333333
3.9076142040321185,42.1449753014324,30.704444444444444
3.92390648877039,39.2485525534009,30.705555555555556
3.9389607408309075,35.95997124210237,30.706666666666667
3.9526265431033565,32.31208978493884,30.70777777777778
3.964767351408743,28.341356607601302,30.70888888888889
3.9752618588037,24.087445963447273,30.71
3.984005207639358,19.592861521477502,30.711111111111112
3.990910037264318,14.902511683724398,30.712222222222223
3.995907356903402,10.063260875342266,30.713333333333335
3.9989472349906685,5.123461290766182,30.714444444444446
3.9999992980691212,0.13246977456319223,30.715555555555554
3.9990530342722455,-4.85984533583784,30.716666666666665
3.9961178983551067,-9.803602478094472,30.717777777777776
3.9912232172255613,-14.649405265030799,30.718888888888888
3.9844178969194903,-19.34883603700782,30.72
3.9757699339478507,-23.85493963517855,30.72111111111111
3.9653657358980205,-28.1226925619086,30.72222222222222
3.9533092580777422,-32.1094528406863,30.723333333333333
3.9397209648280525,-35.77538608065435,30.724444444444444
3.9247366258834133,-39.08386348867437,30.725555555555555
3.9085059598053915,-42.00182785212356,30.726666666666667
3.891191138044298,-44.50012383563232,30.727777777777778
3.8729651645756484,-46.55378929156072,30.72888888888889
3.854010147301633,-48.142304673524855,30.73
3.8345154784891635,-49.24979806092107,30.73111111111111
3.8146759424249277,-49.865203745911465,30.732222222222223
3.7946897691952066,-49.9823727983175,30.733333333333334
3.774756654036358,-49.6001345036986,30.734444444444446
3.7550757620460344,-48.72230806074326,30.735555555555557
3.7358437381913707,-47.35766442109889,30.736666666666668
3.7172527424974557,-45.51983865292122,30.73777777777778
3.6994885300479026,-43.22719370378197,30.738888888888887
3.6827285949814352,-40.50263692416506,30.74
3.667140397029139,-37.3733911847932,30.74111111111111
3.652879688312184,-33.870722874703965,30.74222222222222
3.640088957118102,-30.029629497822576,30.743333333333332
3.628896004204935,-25.888489989475254,30.744444444444444
3.6194126658582912,-21.488681246750158,30.745555555555555
3.6117336964601536,-16.87416470422051,30.746666666666666
3.6059358217344215,-12.091047085824218,30.747777777777777
3.60207697212883,-7.187119721714459,30.74888888888889
3.600195703993073,-2.211381033091946,30.75
3.6003108143364977,2.786453043827837,30.75111111111111
3.6024211530146033,7.756445803013314,30.752222222222223
3.6065056342209036,12.64893871967448,30.753333333333334
3.6125234471693357,17.415047621832578,30.754444444444445
3.6204144638621414,22.007151124802036,30.755555555555556
3.6300998398689512,26.379366448329478,30.756666666666668
3.6414828021142656,30.488007862165023,30.75777777777778
3.6544496158020334,34.29202317943674,30.75888888888889
3.6688707208161495,37.75340393653581,30.76
3.6846020262422914,40.83756516111668,30.761111111111113
3.7014863500767214,43.51369093371201,30.76222222222222
3.7193549897369045,45.7550422902119,30.763333333333332
3.7380294076819376,47.539224388753794,30.764444444444443
3.757323015300661,48.848410271581784,30.765555555555554
3.7770430372433625,49.66951898611358,30.766666666666666
3.7969924375693647,49.99434628549626,30.767777777777777
3.816971888465009,49.81964660272798,30.76888888888889
3.8367817618612685,49.14716547929095,30.77
3.856224124051447,47.983622124277666,30.77111111111111
3.875104713379325,46.34064227827545,30.772222222222222
3.893234881237434,44.234642052808496,30.773333333333333
3.910433476981576,41.68666390597816,30.774444444444445
3.9265286579281695,38.72216639317868,30.775555555555556
3.94135960634956,35.37076979362454,30.776666666666667
3.9547781363115777,31.66596015431499,30.77777777777778
3.9666501742984197,27.64475470851832,30.77888888888889
3.9768570988308967,23.3473320118145,30.78
3.9852969256930386,18.816630491251132,30.781111111111112
3.9918853269246766,14.0979194187696,30.782222222222224
3.9965564733985386,9.238346595608975,30.783333333333335
3.999263692563134,4.28646726705641,30.784444444444446
3.9999799347794585,-0.7082410255115954,30.785555555555554
3.9986980435920443,-5.695872807865339,30.786666666666665
3.9954308272338985,-10.626593311928817,30.787777777777777
3.990210930650875,-15.451136408303533,30.788888888888888
3.983090509324162,-20.121296857153144,30.79
3.9741407081499567,-24.59041195902316,30.79111111111111
3.9634509505831836,-28.81382779310748,30.79222222222222
3.951128045147882,-32.74934538446879,30.793333333333333
3.937295118241755,-36.35764234224223,30.794444444444444
3.9220903838978884,-39.60266575597073,30.795555555555556
3.9056657627958273,-42.45199242436682,30.796666666666667
3.8881853643203694,-44.87715281722124,30.797777777777778
3.8698238468348265,-46.85391553354072,30.79888888888889
3.850764672552407,-48.36252941369412,30.8
3.831198274442414,-49.38792088647271,30.801111111111112
3.811320153486968,-49.91984457922989,30.802222222222223
3.7913289252998283,-49.95298568625806,30.803333333333335
3.7714243356248134,-49.487013072570804,30.804444444444446
3.7518052645423796,-48.52658258249416,30.805555555555557
3.732667739325577,-47.081290520008814,30.806666666666665
3.714202975800344,-45.165577765652785,30.807777777777776
3.6965954677801913,-42.7985854880177,30.808888888888887
3.680021143664982,-40.00396389151739,30.81
3.6646456086225383,-36.809635911365795,30.81111111111111
3.6506224899165245,-33.24751821683579,30.81222222222222
3.638091901913623,-29.353202310450964,30.813333333333333
3.6271790461071007,-25.165598909459337,30.814444444444444
3.617992960144863,-20.726549162804776,30.815555555555555
3.61062542836133,-16.08040658820237,30.816666666666666
3.6051500646987003,-11.273593906446363,30.817777777777778
3.6016215771807754,-6.3541392009311455,30.81888888888889
3.600075221288472,-1.3711960369200884,30.82
3.600526447698709,3.625447664635434,30.82111111111111
3.60297074790635,8.585867091538878,30.822222222222223
3.6073836992716997,13.460499372574,30.823333333333334
3.613721209043443,18.200638793328565,30.824444444444445
3.621919954918842,22.75892344759082,30.825555555555557
3.6318980177392564,27.089808461865246,30.826666666666668
3.6435556999992915,31.150021064688225,30.82777777777778
3.656776521991323,34.898992953860855,30.82888888888889
3.671428385632232,38.29926564151231,30.83
3.6873648943437765,41.316864726927335,30.83111111111111
3.7044268157988243,43.921639357530964,30.83222222222222
3.722443672918114,46.087563486237464,30.833333333333332
3.741235447220892,47.79299591511255,30.834444444444443
3.760614377510063,49.02089652706804,30.835555555555555
3.780386835919995,49.758996545078915,30.836666666666666
3.8003552625821673,49.99992111774885,30.837777777777777
3.8203201395780497,49.74126300638672,30.83888888888889
3.8400819844562135,48.985606637340325,30.84
3.859443343395036,47.74050227926218,30.84111111111111
3.8782107640960097,46.018390603321784,30.842222222222222
3.8961967286951795,43.8364783801302,30.843333333333334
3.913221527379636,41.21656655537789,30.844444444444445
3.9291150539885757,38.18483242198978,30.845555555555556
3.943718505657827,34.77156806526813,30.846666666666668
3.956885969525564,31.010877694391052,30.84777777777778
3.9684858806454106,26.940336884424347,30.84888888888889
3.9784023365398737,22.600617133600448,30.85
3.986536255259603,18.0350794871484,30.851111111111113
3.9928063653774672,13.289341288064765,30.852222222222224
3.9971500180257897,8.410820383703648,30.85333333333333
3.99952381286313,3.448261342315441,30.854444444444443
3.999904031716146,-1.548751586560823,30.855555555555554
3.9982868755637417,-6.530289901533383,30.856666666666666
3.994688502495631,-11.446579718437365,30.857777777777777
3.989144866266047,-16.248499094530224,30.858888888888888
3.981711357055712,-20.888068838710904,30.86
3.9724622480314657,-25.3189319037321,30.86111111111111
3.961489953233329,-29.49681657049739,30.862222222222222
3.9489041042039648,-33.37997879644205,30.863333333333333
3.934830454586549,-36.92961930820612,30.864444444444445
3.919409623635925,-40.1102712711522,30.865555555555556
3.902795691197507,-42.890154662249394,30.866666666666667
3.885154658192381,-45.24149380556161,30.86777777777778
3.866662787990982,-47.140794897618505,30.86888888888889
3.8475048452477676,-48.569080749733175,30.87
3.827872249793849,-49.512080401800226,30.871111111111112
3.8079611640333337,-49.96037171301017,30.872222222222224
3.7879705329534086,-49.90947550476699,30.873333333333335
3.7681000963317968,-49.359900315159265,30.874444444444446
3.748548393002934,-48.317137317816325,30.875555555555554
3.7295107771235436,-46.79160545591571,30.876666666666665
3.711177466258498,-44.79854733954816,30.877777777777776
3.6937316407897716,-42.357876946594814,30.878888888888888
3.677347613638622,-39.49398064884326,30.88
3.662189088588509,-36.2354735514232,30.88111111111111
3.648407524610987,-32.614913580131876,30.88222222222222
3.6361406225377437,-28.668476173405455,30.883333333333333
3.625510949199394,-24.435592829292688,30.884444444444444
3.6166247127782314,-19.958557118962087,30.885555555555555
3.6095707016111787,-15.282102103321293,30.886666666666667
3.6044193970460694,-10.452953375054767,30.887777777777778
3.6012222692153246,-5.5193621919523785,30.88888888888889
3.6000112627633984,-0.5306233662865791,30.89
3.600798477666453,4.463417272655097,30.891111111111112
3.6035760483333954,9.41286092161729,30.892222222222223
3.608316222196265,14.26825437572951,30.893333333333334
3.6149716370047162,18.981084148576592,30.894444444444446
3.623475794053971,23.504261202923345,30.895555555555557
3.6337437226178952,27.792591448806885,30.89666666666667
3.6456728289484013,31.803227307942645,30.897777777777776
3.6591439213582766,35.49609583256722,30.898888888888887
3.674022401145109,38.83429910108156,30.9
3.6901596074570415,41.78448288989051,30.90111111111111
3.707394302662859,44.31716993777773,30.90222222222222
3.7255542833850934,46.407054472955046,30.903333333333332
3.7444581010992644,48.03325505997154,30.904444444444444
3.763916875107538,49.17952324011171,30.905555555555555
3.7837361797722417,49.834405880625766,30.906666666666666
3.80371798715256,49.99135961064509,30.907777777777778
3.8236626456342497,49.6488162003813,30.90888888888889
3.843370874782596,48.81019823035984,30.91
3.862645756486617,47.48388489412716,30.91111111111111
3.8812947024997575,45.68312827611793,30.912222222222223
3.899131378717979,43.42592094120792,30.913333333333334
3.9159775669685244,40.734816158954665,30.914444444444445
3.93166494570701,37.63670255878071,30.915555555555557
3.946036771830633,34.16253546767965,30.916666666666668
3.9589494468034636,30.347027614818423,30.91777777777778
3.970273951445537,26.228302293422974,30.91888888888889
3.97989713504985,21.847512445436283,30.92
3.9877228459468332,17.248429474921604,30.92111111111111
3.993672892220037,12.477005898666906,30.92222222222222
3.997687822973925,7.580916203822549,30.923333333333332
3.999727522347564,2.6090805001866224,30.924444444444443
3.9997716103390473,-2.388824273359115,30.925555555555555
3.997819646435737,-7.362860704406474,30.926666666666666
3.9938911340157226,-12.263329865132864,30.927777777777777
3.9880253254765115,-17.041267887564757,30.92888888888889
3.980280830038047,-21.64893519435899,30.93
3.9707350281387623,-26.040293496877087,30.93111111111111
3.959483298275811,-30.171465794551576,30.932222222222222
3.946638064014658,-34.00117477936694,30.933333333333334
3.932327670689971,-37.49115526508099,30.934444444444445
3.9166951030214596,-40.60653652031505,30.935555555555556
3.8998965564578327,-43.316190685374096,30.936666666666667
3.8820998765234878,-45.59304379153417,30.93777777777778
3.863482881761534,-47.41434627518547,30.93888888888889
3.844231587029669,-48.76190028395426,30.94
3.8245383449012205,-49.622241503627144,30.941111111111113
3.8045999237418195,-49.98677368912791,30.942222222222224
3.7846155416649205,-49.85185455535744,30.943333333333335
3.764784876010282,-49.21883216970209,30.944444444444443
3.7453060682339774,-48.09403148258996,30.945555555555554
3.7263737441444653,-46.48869113067673,30.946666666666665
3.70817706926586,-44.418851144104195,30.947777777777777
3.6908978587585226,-41.9051926798195,30.948888888888888
3.6747087607820994,-38.972831382293435,30.95
3.6597715314521637,-35.65106643630081,30.95111111111111
3.6462354186265875,-31.973087819151914,30.952222222222222
3.634235670670283,-27.975644677412248,30.953333333333333
3.6238921850982377,-23.69867814157393,30.954444444444444
3.615308310599188,-19.184922247487094,30.955555555555556
3.6085698144096754,-14.479476951995535,30.956666666666667
3.6037440253561743,-9.629357509077684,30.95777777777778
3.6008791611277147,-4.683024708972218,30.95888888888889
3.6000038465006687,0.31009932602384593,30.96
3.601126827329449,5.300124951058781,30.961111111111112
3.604236883160823,10.23719347957112,30.962222222222223
3.609302939344971,15.07197535480253,30.963333333333335
3.6162743775231165,19.756163034420734,30.964444444444446
3.6250815413894357,24.2429536635189,30.965555555555554
3.6356364326738353,28.4875167132656,30.966666666666665
3.6478335903915857,32.44744191273442,30.967777777777776
3.6615511445746183,36.08316299831001,30.968888888888888
3.6766520339559516,39.35835304671387,30.97
3.692985375440583,42.24028744161718,30.97111111111111
3.710387971679478,44.70017084718608,30.97222222222222
3.7286859416835534,46.71342492156194,30.973333333333333
3.7476964581850356,48.25993389552708,30.974444444444444
3.767229574387078,49.3242455626211,30.975555555555555
3.7870901218493853,49.89572567248138,30.976666666666667
3.807079660546732,49.968664184756236,30.977777777777778
3.8269984616161206,49.54233232194139,30.97888888888889
3.8466475029815483,48.62098985108336,30.98
3.8658304579167964,47.21384252159588,30.98111111111111
3.8843556566771986,45.33495008445372,30.982222222222223
3.9020380016003524,43.003085811810095,30.983333333333334
3.9187008165407944,40.24154892066515,30.984444444444446
3.934177612159637,37.07793177479202,30.985555555555557
3.948313749430999,33.54384419096034,30.986666666666668
3.960967984744056,29.674597604092757,30.98777777777778
3.9720138811624905,25.508852247083446,30.988888888888887
3.981341071740579,21.088230870526782,30.99
3.988856362273225,16.456902861953505,30.99111111111111
3.9944846624616495,11.661142919913077,30.99222222222222
3.9981697361908397,6.748868692477548,30.993333333333332
3.9998747634222167,1.769161999946869,30.994444444444444
3.999582708087291,-3.2282215744800715,30.995555555555555
3.9972964883064295,-8.193349826043688,30.996666666666666
3.9930389472319585,-13.076612834506147,30.997777777777777
3.9868526248069367,-17.829218650080403,30.99888888888889
3.9787993327201114,-22.403680806458507,31.0
3.9689595368039483,-26.754292789890773,31.00111111111111
3.9574315530466357,-30.837584723560425,31.002222222222223
3.9443305652512355,-34.61275770422194,31.003333333333334
3.9297874741571848,-38.04209145135989,31.004444444444445
3.9139475895233926,-41.09132119575893,31.005555555555556
3.896969178241148,-43.72998004175487,31.006666666666668
3.879021882983664,-45.93170338238347,31.00777777777778
3.8602850271925715,-47.67449232581751,31.00888888888889
3.8409458233373486,-48.94093350102412,31.01
3.8211975023502314,-49.71837304641007,31.011111111111113
3.801237382926593,-49.999043043025445,31.01222222222222
3.781264899981774,-49.78013912904114,31.013333333333332
3.7614796119633396,-49.06384852000574,31.014444444444443
3.742079206929017,-47.85732815491034,31.015555555555554
3.7232575273129935,-46.17263318642069,31.016666666666666
3.7052026331163703,-44.0265965297757,31.017777777777777
3.6880949228738023,-41.44066067386275,31.01888888888889
3.672105331170981,-38.44066343495812,31.02
3.6573936207227407,-35.056579793804836,31.02111111111111
3.644106786076839,-31.322222395516953,31.022222222222222
3.6323775848930118,-27.27490370480326,31.023333333333333
3.6223232114723287,-22.955063192155045,31.024444444444445
3.614044125790478,-18.405863276026494,31.025555555555556
3.607623049734888,-13.672758058212708,31.026666666666667
3.603124140574983,-8.803039161494858,31.02777777777778
3.6005923499239456,-3.845363207373226,31.02888888888889
3.6000529745970624,1.150734344809106,31.03
3.6015114038543063,6.1353341397996,31.031111111111112
3.604953065552632,11.058631704137744,31.032222222222224
3.6103435717460104,15.871435075985083,31.033333333333335
3.6176290622784224,20.525656314952105,31.034444444444446
3.6267367429367328,24.974791980900676,31.035555555555554
3.6375756127863994,29.174387780944087,31.036666666666665
3.6500373734227423,33.082482742051305,31.037777777777777
3.663997511052789,36.660028471214275,31.038888888888888
3.679316540595951,39.87127931408718,31.04
3.6958413993728323,42.684149513746796,31.04111111111111
3.7134069764569224,45.0705338009686,31.04222222222222
3.7318377624084094,47.00658821278911,31.043333333333333
3.750949602906469,48.47296833349938,31.044444444444444
3.7705515387583812,49.4550225776544,31.045555555555556
3.790447713900656,49.942938583870564,31.046666666666667
3.810439332328066,49.93184125669723,31.047777777777778
3.8303266443976414,49.42184147695923,31.04888888888889
3.8499109426610487,48.41803499387232,31.05
3.868996547283751,46.930451510001156,31.051111111111112
3.887392761213223,44.973954467786555,31.052222222222223
3.9049157755608555,42.568092538942935,31.053333333333335
3.9213905061596313,39.73690430059041,31.054444444444446
3.936652342947224,36.508678049740986,31.055555555555557
3.9505487946953473,32.91566915598305,31.056666666666665
3.9629410126516915,28.993777776491626,31.057777777777776
3.973705177870756,24.782190153526766,31.058888888888887
3.9827337383718353,20.32298707845017,31.06
3.9899364837628446,15.660723434372702,31.06111111111111
3.9952414465927504,10.841983018485905,31.06222222222222
3.9985956214265435,5.9149130921608,31.063333333333333
3.9999654944580265,0.9287433094298416,31.064444444444444
3.999337378368689,-4.066706169447926,31.065555555555555
3.9967175490868687,-9.021522464554197,31.066666666666666
3.992132183080749,-13.886198689313497,31.067777777777778
3.9856270958117412,-18.612128606936864,31.06888888888889
3.9772672839615435,-23.152092287870797,31.07
3.9671362760067743,-27.460727915729162,31.07111111111111
3.955335297630054,-31.49498502756275,31.072222222222223
3.9419822603064376,-35.214554659858855,31.073333333333334
3.927210583170932,-38.5822721023783,31.074444444444445
3.911167859938613,-41.56448823565383,31.075555555555557
3.8940143841969936,-44.131405741872214,31.076666666666668
3.875921547805504,-46.25737682982069,31.07777777777778
3.8570701284046693,-47.921159499141496,31.07888888888889
3.8376484831456885,-49.10612978337633,31.08
3.8178506666880523,-49.8004478511439,31.08111111111111
3.7978744922695125,-49.997176305822286,31.08222222222222
3.777919555221619,-49.69434950172208,31.083333333333332
3.758185238679127,-48.89499318416867,31.084444444444443
3.7388687214096272,-47.607094257254786,31.085555555555555
3.7201630076684915,-45.84352098133571,31.086666666666666
3.7022549987641287,-43.62189439762411,31.087777777777777
3.685323625601915,-40.964412264572964,31.08888888888889
3.669538060865718,-37.89762726520862,31.09
3.655056028700365,-34.45218170149987,31.09111111111111
3.642022228784133,-30.662501326607384,31.092222222222222
3.63056689053738,-26.566451374134243,31.093333333333334
3.6208044719132393,-22.204958221232612,31.094444444444445
3.612832515771575,-17.621600465767763,31.095555555555556
3.606730675262976,-12.862173503374969,31.096666666666668
3.6025599179608045,-7.9742319550064185,31.09777777777778
3.600361916693355,-3.0066145168733716,31.09888888888889
3.600158633162729,1.991044019656945,31.1
3.601952098510768,6.968808702494502,31.101111111111113
3.6057243930245546,11.87694335235932,31.102222222222224
3.6114378251842623,16.66640751024217,31.10333333333333
3.619035308264362,21.289346433465205,31.104444444444443
3.6284409307253087,25.699569244446707,31.105555555555554
3.6395607146965596,29.853010454685858,31.106666666666666
3.6522835549723878,33.70817025255561,31.107777777777777
3.666482329138365,37.22652915570096,31.108888888888888
3.682015167736519,40.3729328849775,31.11
3.698726871778048,43.11594361438419,31.11111111111111
3.7164504634403253,45.42815408743209,31.112222222222222
3.735008854454104,47.2864614613899,31.113333333333333
3.7542166155109586,48.67229814325124,31.114444444444445
3.7738818290116556,49.57181731098806,31.115555555555556
3.7938080066433457,49.97603126641758,31.116666666666667
3.8137960526258547,49.88090123731267,31.11777777777778
3.8336462530108975,49.28737773147823,31.11888888888889
3.8531602711578254,48.20139103959195,31.12
3.872143129447796,46.63379198169935,31.121111111111112
3.89040515743567,44.60024348940801,31.122222222222224
3.9077638869744185,42.121064107050934,31.123333333333335
3.924045875376526,39.22102497550845,31.124444444444443
3.939088438395984,35.92910232715827,31.125555555555557
3.952741275715516,32.27818796493682,31.126666666666665
3.96486797269765,28.304760618320618,31.127777777777776
3.975347363394695,24.048521459916095,31.128888888888888
3.9840747411988335,19.551997424467764,31.13
3.990962905035932,14.860116293785866,31.13111111111111
3.9959430306498565,10.019757793197147,31.13222222222222
3.998965358271681,5.079285184831067,31.133333333333333
3.9999996898028587,0.08806203788661447,31.134444444444444
3.9990356905446336,-4.904040995831668,31.135555555555555
3.996082992458939,-9.847144472979325,31.136666666666667
3.991171097929014,-14.691858537586858,31.137777777777778
3.984349084981346,-19.389776408168892,31.13888888888889
3.97568511691425,-23.893958042288453,31.14
3.9652657612327245,-28.159399145942505,31.141111111111112
3.95319512469456,-32.14348084158951,31.142222222222223
3.939593813110022,-35.80639550188999,31.143333333333334
3.9245977262884697,-39.11154449435579,31.144444444444446
3.9083567001723756,-42.025903862791765,31.145555555555557
3.89103300972612,-44.52035429174793,31.14666666666667
3.8727997475381954,-46.56997205709314,31.147777777777776
3.853839094337264,-48.15427805563021,31.148888888888887
3.8343404987025553,-49.25744242552323,31.15
3.814498784156271,-49.86844271304616,31.15111111111111
3.794512202551355,-49.981174005295884,31.15222222222222
3.7745804532045235,-49.594509928464234,31.153333333333332
3.7549026875666853,-48.71231390219264,31.154444444444444
3.7356755193674935,-47.343400537560626,31.155555555555555
3.7170910601159357,-45.50144756440491,31.156666666666666
3.699334999585645,-43.2048591679642,31.157777777777778
3.6825847504640716,-40.47658210034519,31.15888888888889
3.6670076757035384,-37.343876404158266,31.16
3.652759416285959,-33.83804303918578,31.16111111111111
3.639982336109585,-29.99411113353569,31.162222222222223
3.628804099535995,-25.850487984173675,31.163333333333334
3.6193363958100018,-21.448575303909642,31.164444444444445
3.611673823097626,-16.832355549164657,31.165555555555557
3.6058929432925027,-12.047952461810072,31.166666666666668
3.6020515170347385,-7.143170215980686,31.16777777777778
3.6001879265856935,-2.1670157745706624,31.16888888888889
3.6003207923251144,2.8307907721379872,31.17
3.6024487867024524,7.80031299318716,31.17111111111111
3.6065506475013103,12.69189706524837,31.17222222222222
3.6125853902844804,17.456667897217013,31.173333333333332
3.620492717896896,22.047017473964534,31.174444444444443
3.630193622934866,26.4170805398866,31.175555555555555
3.6415911771619474,30.523192869380555,31.176666666666666
3.6545714999838292,34.324327545349206,31.177777777777777
3.669004896305602,37.78250488659895,31.17888888888889
3.684747152402267,40.86317192825788,31.18
3.7016409768546,43.53554766357801,31.18111111111111
3.7195175721530345,45.77293059758273,31.182222222222222
3.7381983212665593,47.55296553957532,31.183333333333334
3.7574965723250697,48.85786696881705,31.184444444444445
3.7772195035831455,49.674596741570085,31.185555555555556
3.797170050031185,49.99499436391982,31.186666666666667
3.8171488724038585,49.81585852873321,31.18777777777778
3.836956348912133,49.13897910206103,31.18888888888889
3.856394569798223,47.971119239388024,31.19
3.875269314784458,46.3239478104186,31.191111111111113
3.893391993658091,44.213922807589014,31.192222222222224
3.910581530602384,41.662126903245394,31.193333333333335
3.9266661734462898,38.69405679855309,31.194444444444443
3.94148520975539,35.33936846888433,31.195555555555554
3.9548905726174093,31.631580851116066,31.196666666666665
3.966748320077849,27.607740933494462,31.197777777777777
3.976939973443739,23.308053594370616,31.198888888888888
3.985363701083557,18.775479888350606,31.2
3.991935335895241,14.05530779363471,31.20111111111111
3.9965892162760475,9.194699709511186,31.202222222222222
3.999278842191578,4.242221225254547,31.203333333333333
3.999977339788758,-0.7526441311936422,31.204444444444444
3.9986777299104883,-5.73998931627331,31.205555555555556
3.9953929978290796,-10.669982425492986,31.206666666666667
3.9901559635016994,-15.493364597345083,31.20777777777778
3.983018953644216,-20.161942191565256,31.20888888888889
3.9740532788999405,-24.629068324059954,31.21
3.963348521327263,-28.8501089471476,31.211111111111112
3.9510116393253263,-32.782888818213486,31.212222222222223
3.9371658989410596,-36.38811290079059,31.213333333333335
3.921949642235594,-39.62975898757342,31.214444444444446
3.905514905016101,-42.47543762240949,31.215555555555554
3.888025897744279,-44.896715725035,31.216666666666665
3.8696573647996897,-46.8694006850171,31.217777777777776
3.850592838491683,-48.37378208631877,31.218888888888888
3.831022805265239,-49.39482864726015,31.22
3.8111428024233573,-49.922338408117724,31.22111111111111
3.7911514643829856,-49.9510406657324,31.22222222222222
3.771248537985562,-49.48064863663391,31.223333333333333
3.751632886692614,-48.515862322485894,31.224444444444444
3.732500503607794,-47.06632154922365,31.225555555555555
3.714042553178556,-45.14650964909872,31.226666666666667
3.6964434611442054,-42.77560874801225,31.227777777777778
3.6798790718148617,-39.97730810405203,31.22888888888889
3.6645148910932415,-36.779567412256796,31.23
3.6505044327943974,-33.21433744058734,31.23111111111111
3.637987684786405,-29.317240788411247,31.232222222222223
3.627089710277878,-25.12721595726926,31.233333333333334
3.6179193982277114,-20.686128290235565,31.234444444444446
3.6105683753626074,-16.038351667250076,31.235555555555557
3.6051100906731115,-11.230325135980287,31.236666666666668
3.6015990815355705,-6.310088908203026,31.23777777777778
3.600070428792702,-1.3268043578937743,31.238888888888887
3.6005394062374068,3.669737182976341,31.24
3.603001328002082,8.629611922968694,31.24111111111111
3.607431595378256,13.50326243319649,31.24222222222222
3.6137859425987604,18.241992808777574,31.243333333333332
3.622000879126633,22.798455222213803,31.244444444444444
3.6319943240315857,27.127123007237042,31.245555555555555
3.643666426115524,31.18474554620722,31.246666666666666
3.6569005615927046,34.93078041598549,31.247777777777777
3.6715644993560677,38.32779847442858,31.24888888888889
3.687511722186731,41.34185784000044,31.25
3.7045828907056237,43.94284302783637,31.25111111111111
3.722607435439885,46.10476585371115,31.252222222222223
3.741405261096648,47.806025099384726,31.253333333333334
3.7607885460156907,49.02962234483634,31.254444444444445
3.780563618821358,49.76333181085656,31.255555555555556
3.800532893522949,49.99982251499324,31.256666666666668
3.8204968437286126,49.736731520304,31.25777777777778
3.8402559962470932,48.97668754504152,31.25888888888889
3.8596129241579384,47.727284697369285,31.26
3.878374219436008,46.00100659754392,31.261111111111113
3.8963524254205453,43.81510164570705,31.26222222222222
3.91336790982016,41.19141068157292,31.263333333333332
3.9292506595392984,38.15614875797897,31.264444444444443
3.94384197939291,34.73964320874071,31.265555555555554
3.956996077736262,30.976030627960494,31.266666666666666
3.9685815231668773,26.902915788460113,31.267777777777777
3.978482557743653,22.56099590732245,31.26888888888889
3.9866002536019423,17.993654012753176,31.27
3.9928535014080855,13.246525475199029,31.27111111111111
3.99717982077705,8.367042033816526,31.272222222222222
3.999535984555793,3.4039578742085177,31.273333333333333
3.9998984507346824,-1.5931375072804146,31.274444444444445
3.9982635976714733,-6.574314785417138,31.275555555555556
3.9946477602775623,-11.48980368339821,31.276666666666667
3.989087066804954,-16.29049026099821,31.27777777777778
3.9816370778647046,-20.928407644830475,31.27888888888889
3.972372231283665,-25.35721529748803,31.28
3.961385098346325,-29.53266203687343,31.281111111111112
3.9487854588531275,-33.413028179387105,31.282222222222224
3.9346992042370053,-36.95954238921048,31.283333333333335
3.919267079697784,-40.136769068681296,31.284444444444446
3.902643277922675,-42.91296241907017,31.285555555555554
3.8849938984439216,-45.26038363410674,31.286666666666665
3.8664952880271617,-47.155578056965304,31.287777777777777
3.847332278672857,-48.57960953144011,31.288888888888888
3.8276963408360243,-49.51824960576074,31.29
3.807783670316748,-49.96211969857775,31.29111111111111
3.7877932279366093,-49.90678480664755,31.29222222222222
3.7679247515879024,-49.352797817919,31.293333333333333
3.748376760518665,-48.30569398725988,31.294444444444444
3.72934457179395,-46.77593563001958,31.295555555555556
3.7110183487522885,-44.77880758603246,31.296666666666667
3.6935812009564732,-42.33426449855183,31.297777777777778
3.6772073546233206,-39.466731434048604,31.29888888888889
3.662060411812922,-36.20485983502369,31.3
3.648291715770923,-32.58124124426277,31.301111111111112
3.636038838756847,-28.632081660915098,31.302222222222223
3.625424207467561,-24.39683978211999,31.303333333333335
3.616553879790173,-19.91783274474435,31.304444444444446
3.609516485106697,-15.23981330654401,31.305555555555557
3.604382338738557,-10.409522691397212,31.306666666666665
3.6012027393791386,-5.4752235664479985,31.307777777777776
3.600009456534207,-0.4862178174918209,31.308888888888887
3.6008144130915007,4.5076460591752,31.31
3.6036095661911833,9.45647102644792,31.31111111111111
3.6083669875874365,14.310810061118106,31.31222222222222
3.615039142698265,19.02216021218314,31.313333333333333
3.6235593655553213,23.543447226297555,31.314444444444444
3.6338425249082302,27.829495898156374,31.315555555555555
3.645785874827896,31.837481446208503,31.316666666666666
3.659270081309869,35.52735740372231,31.317777777777778
3.6741604146202693,38.862255749841594,31.31888888888889
3.6903080954707455,41.808855282661824,31.32
3.7075517815719574,44.33771455366819,31.32111111111111
3.7257191797123816,46.423566036953815,31.322222222222223
3.7446287672551453,48.045568593988946,31.323333333333334
3.7640916058522023,49.18751571138657,31.324444444444445
3.783913229253844,49.83799743102685,31.325555555555557
3.8038955863512047,49.990514354588,31.326666666666668
3.8238390200374512,49.643542583385155,31.32777777777778
3.8435442621156155,48.800548944662594,31.32888888888889
3.862814424320543,47.46995635220157,31.33
3.881456965561345,45.665059647350894,31.33111111111111
3.8992856157283535,43.4038927613654,31.33222222222222
3.9161222368424626,40.70904852632809,31.333333333333332
3.93179860295095,37.6074529350381,31.334444444444443
3.94615808098558,34.130096105391885,31.335555555555555
3.959057195788438,30.311722637370902,31.336666666666666
3.970367063668298,26.190484456480096,31.337777777777777
3.979974680163847,21.80755961232386,31.33888888888889
3.9877840491469185,17.20674084114211,31.34
3.9937171419840687,12.433998003267313,31.34111111111111
3.997714677172887,7.537018767477832,31.342222222222222
3.9997367126631773,2.5647321315701777,31.343333333333334
3.9997630449447157,-2.4331804600076943,31.344444444444445
3.9977934109140505,-7.406781516731699,31.345555555555556
3.9938474905033403,-12.306376460897669,31.346666666666668
3.987964710044982,-17.083010159412872,31.34777777777778
3.9802038483367266,-21.68895606730827,31.34888888888889
3.9706424493433636,-26.078193095594155,31.35
3.9593760474030564,-30.206865438773438,31.351111111111113
3.946517212679813,-34.033720767551216,31.352222222222224
3.9321944263996262,-37.52052240847146,31.35333333333333
3.91655079710852,-40.63243139212244,31.354444444444443
3.899742630779279,-43.33835455259901,31.355555555555554
3.881937869053821,-45.61125520014141,31.356666666666666
3.8633144112258337,-47.42842326280069,31.357777777777777
3.844058336729842,-48.77170219797017,31.358888888888888
3.8243620458969936,-49.62767040655896,31.36
3.8044223375545663,-49.98777533717211,31.36111111111111
3.784438442677124,-49.84841894037792,31.362222222222222
3.7646100337364823,-49.21099361922795,31.363333333333333
3.7451352296403813,-48.0818683168265,31.364444444444445
3.7262086161938286,-46.472324879955664,31.365555555555556
3.7080193018620817,-44.39844533459277,31.366666666666667
3.690749028261352,-41.880951199621464,31.36777777777778
3.674570354256663,-38.944996444265,31.36888888888889
3.659644931810715,-35.61991615794213,31.37
3.646121890810895,-31.93893344374743,31.371111111111112
3.634136349012755,-27.938827464191075,31.372222222222224
3.6238080619880453,-23.659565955961043,31.373333333333335
3.6152402265666383,-19.143905885511124,31.374444444444443
3.6085184497279177,-14.43696623558776,31.375555555555557
3.6037098932441296,-9.585777191264285,31.376666666666665
3.600862602622164,-4.638810229883044,31.377777777777776
3.600005027048726,0.35450618992838945,31.378888888888888
3.6011457351354683,5.344280501074931,31.38
3.6042733293042564,10.280656528038289,31.38111111111111
3.6093565596680013,15.114311633307405,31.38222222222222
3.6163446362691998,19.79694953286301,31.383333333333333
3.6251677365564046,24.281782856687744,31.384444444444444
3.6357377030280764,28.524000632699327,31.385555555555555
3.647948924073194,32.48121602316941,31.386666666666667
3.661679389207571,36.11388983999903,31.387777777777778
3.6767919081622686,39.385725607211725,31.38888888888889
3.6931354816434285,42.26403222334714,31.39
3.7105468100672963,44.72005060013885,31.391111111111112
3.7288519251956758,46.72924101381699,31.392222222222223
3.7478679283690766,48.27152829791871,31.393333333333334
3.7674048179696387,49.331502427713225,31.394444444444446
3.7872673878545133,49.898572492076745,31.395555555555557
3.8072571777911066,49.967072514374564,31.39666666666667
3.8271744564061128,49.53631806502697,31.397777777777776
3.8468202168353924,48.61061310010321,31.398888888888887
3.8659981651347564,47.19920695761571,31.4
3.8845166815841865,45.316201941191245,31.40111111111111
3.9021907352887304,42.98041241451487,31.40222222222222
3.918843732946033,40.215176814428446,31.403333333333332
3.9343092833082567,37.04812446098187,31.404444444444444
3.948432859708408,33.51089949440337,31.405555555555555
3.961073344039733,29.63884469730744,31.406666666666666
3.9721044367611835,25.470648361294923,31.407777777777778
3.9814159188406775,21.047957726333895,31.40888888888889
3.9889147530272466,16.41496285530049,31.41
3.9945260134484815,11.617955101482897,31.41111111111111
3.99819363424509,6.704864580676663,31.412222222222223
3.9998809697624274,1.7247812693131666,31.413333333333334
3.999571160701762,-3.272535486355715,31.414444444444445
3.99726730257282,-8.237154149202043,31.415555555555557
3.992992414764471,-13.119469890629995,31.416666666666668
3.9867892105426064,-17.870700225630955,31.41777777777778
3.9787196702733025,-22.443372431246168,31.41888888888889
3.968864422135498,-26.791797878320306,31.42
3.9573219365108705,-30.872528537185772,31.42111111111111
3.944207542100346,-34.644791096008255,31.42222222222222
3.929652273597831,-38.070894354244814,31.423333333333332
3.91380156243487,-41.11660582065831,31.424444444444443
3.8968137836778505,-43.7514937530554,31.425555555555555
3.8788586735967083,-45.949231222192225,31.426666666666666
3.8601156337162,-47.6878591617534,31.427777777777777
3.840771938295186,-48.95000577608082,31.42888888888889
3.8210208631441374,-49.72306011341433,31.43
3.8010597544771203,-49.999298070353085,31.43111111111111
3.781088057093682,-49.775959568543335,31.432222222222222
3.7613053215923062,-49.0552761324694,31.433333333333334
3.7419092105268197,-47.84444859279829,31.434444444444445
3.7230935234274876,-46.155575138059994,31.435555555555556
3.7050462604201617,-44.00553043354626,31.436666666666667
3.687947743791189,-41.41579701523552,31.43777777777778
3.6719688162667037,-38.41225064339092,31.43888888888889
3.6572691340085988,-35.0249017605195,31.44
3.643995571382928,-31.287595636950243,31.441111111111113
3.6322807534397876,-27.237674200079496,31.442222222222224
3.622241730767669,-22.915602926180735,31.443333333333335
3.6139788099626475,-18.364566522734822,31.444444444444443
3.607574551398049,-13.630037441112364,31.445555555555554
3.6030929443084845,-8.759321530869684,31.446666666666665
3.6005787674305703,-3.8010853753358873,31.447777777777777
3.600057141588595,1.19512996879509,31.448888888888888
3.6015332786955447,6.179403969335312,31.45
3.6049924296773925,11.101935408053318,31.45111111111111
3.610400031840971,15.913539977986002,31.452222222222222
3.6177020542129803,20.566141716776905,31.453333333333333
3.626825537399602,25.01325336579505,31.454444444444444
3.6376793225726596,29.210440855464466,31.455555555555556
3.6501549622984895,33.11576727579411,31.456666666666667
3.664127804108848,36.690211896121326,31.45777777777778
3.6794582359871795,39.898060047354974,31.45888888888889
3.6959930813257125,42.70725997113973,31.46
3.713567129415523,45.08974307043612,31.461111111111112
3.732004786177305,47.02170436166021,31.462222222222223
3.7511218286393735,48.48384032621157,31.463333333333335
3.770727245632708,49.4615417848505,31.464444444444446
3.7906251463113887,49.94503986778688,31.465555555555554
3.8106167174292116,49.92950362199956,31.466666666666665
3.8305022098159016,49.41508828052085,31.467777777777776
3.8500829342048015,48.406933711399695,31.468888888888888
3.8691632464703494,46.915113061838674,31.47
3.8875525024394895,44.9545321106387,31.47111111111111
3.905066962745264,42.54478033458191,31.47222222222222
3.9215316286898085,39.709935176856625,31.473333333333333
3.9367819907734996,36.478321473203614,31.474444444444444
3.950665672419501,32.88222843951923,31.475555555555555
3.963043952470132,28.957587048687788,31.476666666666667
3.973793151242847,24.743611020171524,31.477777777777778
3.9828058662967214,20.28240500949209,31.47888888888889
3.9899920455621447,15.618543912429553,31.48
3.995279887111333,10.798627487396855,31.48111111111111
3.9986165565794516,5.870814746063115,31.482222222222223
3.999968715068133,0.8843427644200594,31.483333333333334
3.9993228522567232,-4.1109652778002275,31.484444444444446
3.996685421392939,-9.06519791386919,31.485555555555557
3.992082774814152,-13.928854088940174,31.486666666666668
3.9855609006435464,-18.653337758220097,31.48777777777778
3.9771849632919896,-23.191443442593584,31.488888888888887
3.967038652356781,-27.497827890160675,31.49
3.955223346422861,-31.529463131022727,31.49111111111111
3.941857100121497,-35.24606639853548,31.49222222222222
3.927073464567445,-38.61050262139354,31.493333333333332
3.9110201529603383,-41.58915546499398,31.494444444444444
3.8938575646832354,-44.152263214735264,31.495555555555555
3.8757571826450037,-46.274216145232764,31.496666666666666
3.856899859879773,-47.93381240422973,31.497777777777777
3.837474012523222,-49.1144698544949,31.49888888888889
3.8176737372208,-49.80439175705925,31.5
3.7976968717782293,-49.9966846403302,31.50111111111111
3.7777430184315373,-49.6894271773817,31.502222222222223
3.7580115494874917,-48.88568938321741,31.503333333333334
3.7386996152614365,-47.59350194019669,31.504444444444445
3.7200001742164757,-45.82577595810965,31.505555555555556
3.702100064986317,-43.60017397063679,31.506666666666668
3.6851781395453993,-40.93893345715073,31.50777777777778
3.669403476179079,-37.86864465317214,31.50888888888889
3.65493369010931,-34.419984869529564,31.51
3.641913358655422,-30.62741197480498,31.511111111111113
3.630472576665353,-26.528820103704554,31.51222222222222
3.620725656650928,-22.165161031389964,31.513333333333332
3.612769986615026,-17.58003499687653,31.514444444444443
3.6066850569828546,-12.819255063862556,31.515555555555554
3.602531666359886,-7.930389371732821,31.516666666666666
3.6003513140522965,-2.962285850438937,31.517777777777777
3.600165785419615,2.035415851871015,31.51888888888889
3.6019769342026127,7.012780351809508,31.52
3.605766664001334,11.920075468588292,31.52111111111111
3.61149710908835,16.708269131538035,31.522222222222222
3.619111012750583,21.329519292344944,31.523333333333333
3.6285322993794624,25.737651946984442,31.524444444444445
3.63966683459326,29.888622491107448,31.525555555555556
3.6524033657967,33.74095579916315,31.526666666666667
3.6666146337801386,37.25616063015079,31.52777777777778
3.682158644251506,40.39911421937135,31.52888888888889
3.6988800865963394,43.13841321348368,31.53
3.7166118856901074,45.44668744243106,31.531111111111112
3.735176871257609,47.300873393130566,31.532222222222224
3.7543895480998275,48.6824446524759,31.533333333333335
3.7740579495006212,49.577597017130444,31.534444444444446
3.7939855552947033,49.977386420564585,31.535555555555554
3.813973255432175,49.87781829921192,31.536666666666665
3.833821339420307,49.279887504828224,31.537777777777777
3.8533314917647994,48.18956836426137,31.538888888888888
3.8723087734726254,46.61775498595232,31.54
3.8905635698180157,44.5801524096047,31.54111111111111
3.9079134849101256,42.097119686618754,31.54222222222222
3.9241851641324637,39.193466459182474,31.543333333333333
3.939216026244948,35.898205070523595,31.544444444444444
3.952855887841893,32.244260683169024,31.545555555555556
3.9649684639349605,28.26814230160375,31.546666666666667
3.975432729667717,24.009577986365144,31.547777777777778
3.984144129555981,19.511117904399274,31.54888888888889
3.9910156221716786,14.817709181850766,31.55
3.9959785498320066,9.976246807240662,31.551111111111112
3.9989833246043087,5.035105072241373,31.552222222222223
3.9999999237723074,0.04365423174328404,31.553333333333335
3.9990181898131576,-4.948232787406799,31.554444444444446
3.996047931888062,-9.89067870021341,31.555555555555557
3.9911188278323717,-14.7343002208712,31.556666666666665
3.9842801276244653,-19.430701484234163,31.557777777777776
3.9756001612962444,-23.93295760130389,31.558888888888887
3.9651656562020494,-28.196083517204073,31.56
3.9530808704675913,-32.17748348698642,31.56111111111111
3.9394665512772287,-35.83737667822873,31.56222222222222
3.9244587284080175,-39.13919464796394,31.563333333333333
3.9082073550651337,-42.049946722475156,31.564444444444444
3.8908748095990404,-44.54054962919892,31.565555555555555
3.8726342730746515,-46.586118087176004,31.566666666666666
3.8536679989033997,-48.16621345254932,31.567777777777778
3.8341654918273864,-49.26504793473816,31.56888888888889
3.8143216144506384,-49.87164234282297,31.57
3.794334640236402,-49.979935785991294,31.57111111111111
3.774404272424204,-49.58884623195627,31.572222222222223
3.754729648661121,-48.70228131826481,31.573333333333334
3.7355073512842276,-47.329099308475115,31.574444444444445
3.716929443134861,-45.48302058331479,31.575555555555557
3.6991815485302215,-43.18249055117419,31.576666666666668
3.6824409985665185,-40.450495347679876,31.57777777777778
3.6668750592852994,-37.314332165827615,31.57888888888889
3.6526392604064464,-33.80533651145276,31.58
3.639875841326625,-29.958569109212924,31.58111111111111
3.628712329910261,-25.812465587421222,31.58222222222222
3.6192602682732584,-21.40845244194675,31.583333333333332
3.611614098291057,-16.790533116365875,31.584444444444443
3.6058502179666307,-12.00484833409862,31.585555555555555
3.602026218086896,-7.099215075550925,31.586666666666666
3.6001803067946065,-2.122648806658216,31.587777777777777
3.6003309278252162,2.8751262674562104,31.58888888888889
3.602476576223176,7.844174030296605,31.59
3.6065958133789504,12.73484539916548,31.59111111111111
3.61264748123652,17.498274402387448,31.592222222222222
3.6205711135310636,22.086866431939907,31.593333333333334
3.6302875399479007,26.4547737930518,31.594444444444445
3.6416996771660974,30.55835379920912,31.595555555555556
3.6546934988829203,34.35660483545355,31.596666666666668
3.669139175126966,37.81157603296674,31.59777777777778
3.6848923694763016,40.88874646160281,31.59888888888889
3.701795681220306,43.55737005161717,31.6
3.719680218055525,45.790782798228086,31.601111111111113
3.738367283601743,47.56666917953952,31.602222222222224
3.757670162877151,48.86728512585969,31.60333333333333
3.777395987892701,49.67963531257871,31.604444444444443
3.7973476647253337,49.99560300515859,31.605555555555554
3.817325842815286,49.81203115886011,31.606666666666666
3.8371309068109896,49.13075396289069,31.607777777777777
3.8565649710596897,47.958578513791764,31.608888888888888
3.875433856815449,46.30721680118169,31.61
3.8935490324090267,44.19316868542501,31.61111111111111
3.9107294969939717,41.63755703648296,31.612222222222222
3.926803589047259,38.66591668117887,31.613333333333333
3.9416107015544837,35.30793926764822,31.614444444444445
3.955002886742046,31.59717659620917,31.615555555555556
3.9668463343224243,27.57070538085876,31.616666666666667
3.9770227084823184,23.268756791006357,31.61777777777778
3.985430330254985,18.73431447492661,31.61888888888889
3.9919851934628636,14.012685081353077,31.62
3.9966218040795267,9.151045570425847,31.621111111111112
3.9992938346243547,4.197971837092424,31.622222222222224
3.9999745870513994,-0.7970466431722275,31.623333333333335
3.9986572595074366,-5.7841012968468934,31.624444444444443
3.9953550142938337,-10.713363122334545,31.625555555555557
3.99010084635319,-15.535580564869445,31.626666666666665
3.9829472535947708,-20.202571621780358,31.627777777777776
3.9739657123527543,-24.667705261128766,31.628888888888888
3.9632459632183283,-28.886367343567258,31.63
3.950895114381362,-32.81640639207346,31.63111111111111
3.9370365714407947,-36.41855475557067,31.63222222222222
3.921808804376658,-39.65682095832392,31.633333333333333
3.9053639640038282,-42.49884931486379,31.634444444444444
3.887866361731368,-44.916243217301414,31.635555555555555
3.86949082781724,-46.88484886484832,31.636666666666667
3.850420964522181,-48.38499660060761,31.637777777777778
3.8308473116165715,-49.4016974442871,31.63888888888889
3.8109654425700548,-49.92479285713339,31.64
3.7909740104460714,-49.94905624269365,31.641111111111112
3.77107276302611,-49.47424516923958,31.642222222222223
3.751460546995924,-48.505103792065725,31.643333333333334
3.7323333211351444,-47.051315451457185,31.644444444444446
3.7138821983619525,-45.1274059199548,31.645555555555557
3.6962915361959676,-42.752598265637396,31.64666666666667
3.6797370947188472,-39.95062078157901,31.647777777777776
3.66438428043767,-36.749469900591336,31.648888888888887
3.6503864935977623,-33.181130464116656,31.65
3.637883595458176,-29.28125614026803,31.65111111111111
3.627000510844213,-25.088813184162294,31.65222222222222
3.6178459799398635,-20.64569109997817,31.653333333333332
3.610511471791844,-15.996284094882446,31.654444444444444
3.605070270381101,-11.187047506779184,31.655555555555555
3.6015767423935077,-6.266033637934449,31.656666666666666
3.6000657940059098,-1.282411632254818,31.657777777777778
3.600552522115143,3.714023806546793,31.65888888888889
3.603032063494831,8.673349947165017,31.66
3.6074796433871352,13.54601484213949,31.66111111111111
3.6138508230439457,18.2833324345285,31.662222222222223
3.6220819437441643,22.8379690128979,31.663333333333334
3.632090762850604,27.16441615412051,31.664444444444445
3.6437772755512228,31.219445428492055,31.665555555555557
3.6570247140741667,34.96254032391876,31.666666666666668
3.6717007143927356,38.35630107350818,31.66777777777778
3.687658638762987,41.36681834167859,31.66888888888889
3.7047390408796064,43.96401203503181,31.67
3.7227712590106656,46.12193185270047,31.67111111111111
3.7415751211932626,47.819016573180676,31.67222222222222
3.7609627454521988,49.03830948692703,31.673333333333332
3.780740417054576,49.767627822190015,31.674444444444443
3.800710524043378,49.99968447124428,31.675555555555555
3.820673531710801,49.73216080076007,31.676666666666666
3.8404299762831307,48.967729818821425,31.677777777777777
3.8597824578968125,47.714029467112596,31.67888888888889
3.8785376129526425,45.98358630512961,31.68
3.8965080461409385,43.79369034893787,31.68111111111111
3.9135142028335075,41.16622231504951,31.682222222222222
3.929386163134171,38.12743499553313,31.683333333333334
3.943965339662177,34.707690948795786,31.684444444444445
3.9571060621048932,30.941159126935396,31.685555555555556
3.96867703270742,26.8654734708649,31.686666666666667
3.978562638156345,22.521356884419493,31.68777777777778
3.986664104749772,17.952214344555802,31.68888888888889
3.9929004853114898,13.203699213174422,31.69
3.9972094679883976,8.323257083817692,31.691111111111113
3.999547998849949,3.3596517209810473,31.692222222222224
3.9998927120687897,-1.6375221712970285,31.693333333333335
3.998240163384385,-6.61833448333237,31.694444444444443
3.9946068645169293,-11.533018584940775,31.695555555555554
3.9890291181876973,-16.332468577157552,31.696666666666665
3.981562655394251,-20.968729942149004,31.697777777777777
3.9722820785647417,-25.395478688897754,31.698888888888888
3.961280116155097,-29.568484207216233,31.7
3.9486666961369496,-33.446051205377636,31.70111111111111
3.934567847633678,-36.98943631568956,31.702222222222222
3.9191244416790623,-40.163235205418026,31.703333333333333
3.902490783680499,-42.93573632517349,31.704444444444444
3.8848330716503487,-45.27923776023533,31.705555555555556
3.866327735610354,-47.17032401892301,31.706666666666667
3.847159674761175,-48.59009999244972,31.70777777777778
3.8275204100306923,-49.524379748603714,31.70888888888889
3.8076061704602266,-49.96382827289281,31.71
3.787615932548788,-49.90405474092501,31.711111111111112
3.767749432145694,-49.34565639007324,31.712222222222223
3.7482051687559794,-48.29421255207724,31.713333333333335
3.729178422198955,-46.76022890620466,31.714444444444446
3.7108593014368223,-44.75903250997833,31.715555555555554
3.693430845068736,-42.31061865628141,31.716666666666665
3.6770671924696434,-39.43945108700202,31.717777777777776
3.661931843847211,-36.17421755941057,31.718888888888888
3.6481760266017886,-32.547543207570975,31.72
3.6359371843122315,-28.595664562789725,31.72111111111111
3.6253376034450704,-24.358067490167073,31.72222222222222
3.6164831915085736,-19.877092658889314,31.723333333333333
3.6094624188599314,-15.197512488257223,31.724444444444444
3.6043454347386885,-10.366083796470813,31.725555555555555
3.601183366358738,-5.431080621963162,31.726666666666667
3.600007808062089,-0.44181188515742714,31.727777777777778
3.6008305056386543,4.551871289961208,31.72888888888889
3.603643238966196,9.500073671799157,31.73
3.608417904143074,14.353354457816703,31.73111111111111
3.615106794293131,19.06322127067854,31.732222222222223
3.6236430762370437,23.582614678066932,31.733333333333334
3.633941458267347,27.8663783949681,31.734444444444446
3.6458990423549866,31.87171047034679,31.735555555555557
3.659396352272415,35.558590950093574,31.736666666666668
3.674298527360547,38.8901817431734,31.73777777777778
3.69045667001191,41.833194695660396,31.738888888888887
3.7077093334063034,44.358224194964066,31.74
3.7258841346340623,46.44004098099115,31.74111111111111
3.744799477089115,48.05784422857319,31.74222222222222
3.7642663649222214,49.195469382434084,31.743333333333332
3.7840902914250556,49.841549668085875,31.744444444444444
3.80407318247692,49.98962966488006,31.745555555555555
3.82401537563589,49.63822980643743,31.746666666666666
3.8437176150999397,48.790861163985866,31.747777777777777
3.8629830426050273,47.4559903648984,31.74888888888889
3.8816191643678315,45.64695499694972,31.75
3.8994397744199816,43.38183034354878,31.75111111111111
3.916266815116546,40.68324878148169,31.752222222222223
3.93193215622917,37.57817364568323,31.753333333333334
3.94627927484772,34.09762982051067,31.754444444444445
3.959164819305491,30.276393749349488,31.755555555555556
3.970460041501656,26.15264595989002,31.756666666666668
3.9800520833097353,21.76758957691474,31.75777777777778
3.9878451042186915,17.16503863429408,31.75888888888889
3.993761238939628,12.39098029964825,31.76
3.99774137541003,7.49311538576187,31.761111111111113
3.9997457454219436,2.5203817398356017,31.76222222222222
3.9997543219727665,-2.4775347273076647,31.763333333333332
3.9977670193684367,-7.450696486421178,31.764444444444443
3.993803694079663,-12.349413349113773,31.765555555555554
3.9879039463426293,-17.12473895579535,31.766666666666666
3.980126724486527,-21.728959831516732,31.767777777777777
3.9705497359413346,-26.11607212324079,31.76888888888889
3.95926867081086,-30.242241255136275,31.77
3.9463962457688697,-34.06623990916511,31.77111111111111
3.932061077831322,-37.549859954823376,31.772222222222222
3.9164063992576716,-40.658294212146515,31.773333333333333
3.899588626421479,-43.36048423354713,31.774444444444445
3.881775796949701,-45.62943062955724,31.775555555555556
3.8631458907462912,-47.44246283780058,31.776666666666667
3.8438850516758007,-48.78146563976187,31.77777777777778
3.8241857276754354,-49.63306016205937,31.77888888888889
3.8042447478788755,-49.988737553726025,31.78
3.784261355964631,-49.84494400383551,31.781111111111112
3.76443521937909,-49.203116250006566,31.782222222222224
3.7449644343253596,-48.06966722299544,31.783333333333335
3.726043546451511,-46.4559219708116,31.784444444444446
3.707861607014765,-44.378004502581604,31.785555555555554
3.6906002839438194,-41.856676682779025,31.786666666666665
3.6744320466729743,-38.91713078554059,31.787777777777777
3.6595184428845258,-35.58873778178618,31.788888888888888
3.6460084843777456,-31.904753874188827,31.79
3.634037158192236,-27.901988212190094,31.79111111111111
3.6237240778620445,-23.62043510714498,31.79222222222222
3.615172288276786,-19.102874422388254,31.793333333333333
3.6084672360911467,-14.39444413097378,31.794444444444444
3.603675915970171,-9.542189311973253,31.795555555555556
3.600846201200706,-4.594592091595919,31.796666666666667
3.6000063653573506,0.3989127741918358,31.797777777777778
3.601164799802239,5.388431835401483,31.79888888888889
3.6043099298413237,10.324111466890557,31.8
3.6094103303748972,15.156635989299991,31.801111111111112
3.616415039886796,19.83772041502211,31.802222222222223
3.625254069635029,24.320592895837116,31.803333333333335
3.635839102956141,28.560462051754804,31.804444444444446
3.6480643776961377,32.51496451168496,31.805555555555557
3.6618077429509546,36.144588194232675,31.806666666666665
3.6769318795579187,39.41306709935602,31.807777777777776
3.693285672143433,42.28774366625124,31.808888888888887
3.7107057190178185,44.73989507690202,31.81
3.7290179648310127,46.745020244987515,31.81111111111111
3.748039439676074,48.28308462263447,31.81222222222222
3.767580087264015,49.33872037899792,31.813333333333333
3.7874446639034205,49.90137995054717,31.814444444444444
3.8074346893108553,49.96544142883349,31.815555555555555
3.8273504297602776,49.530264732742005,31.816666666666666
3.8469928937563855,48.60019800396976,31.817777777777778
3.8661658202918647,47.18453416183146,31.81888888888889
3.884677639822505,45.29741805148089,31.82
3.9023433883667407,42.95770511329611,31.82111111111111
3.9189865556046417,40.188772985548695,31.822222222222223
3.9344408485106674,37.018287922771854,31.823333333333334
3.9485518528986105,33.4779283636898,31.824444444444445
3.961178576277108,29.60306841072846,31.825555555555557
3.9721948565999954,25.432424383681624,31.826666666666668
3.9814906228357874,21.007667979034856,31.82777777777778
3.988972994761028,16.37300990015337,31.82888888888889
3.994567210988784,11.574758118547077,31.83
3.99821737595971,6.660855179925207,31.83111111111111
3.9998870184319983,1.680399178132903,31.83222222222222
3.999559455889978,-3.3168468167811866,31.833333333333332
3.997237961230291,-8.28095197470579,31.834444444444443
3.992945730060193,-13.16231659781793,31.835555555555555
3.9867256489347103,-17.912167704369416,31.836666666666666
3.9786398668483667,-22.483046352192925,31.837777777777777
3.968769174262964,-26.829281832772377,31.83888888888889
3.9572121958759974,-30.907447997860267,31.84
3.9440844051952806,-34.67679715919754,31.84111111111111
3.929516970765821,-38.09966722594623,31.842222222222222
3.9136554455770916,-41.14185801184784,31.843333333333334
3.896658312745651,-43.77297295218525,31.844444444444445
3.878695402004247,-45.96672281620558,31.845555555555556
3.8599461928192573,-47.70118838042483,31.846666666666668
3.8405980210911888,-48.9590394382637,31.84777777777778
3.8208442073563047,-49.727707957741835,31.84888888888889
3.800882125191695,-49.99951365710107,31.85
3.7809112291237614,-49.771740743640414,31.851111111111113
3.761131061744515,-49.04666504901945,31.852222222222224
3.741739259947949,-47.83153128990028,31.85333333333333
3.7229295802075484,-46.13848068113487,31.854444444444443
3.70488996262562,-43.98442962475762,31.855555555555554
3.687800653097938,-41.39090068688922,31.856666666666666
3.6718324023563285,-38.38380755137017,31.857777777777777
3.657144759883795,-34.993196098796716,31.858888888888888
3.6438844797488428,-31.252944198017786,31.86
3.6321840542873103,-27.200423209662123,31.86111111111111
3.622160390282762,-22.87612458386004,31.862222222222222
3.6139136408725494,-18.323255283057474,31.863333333333333
3.607526204850764,-13.587306072328168,31.864444444444445
3.603061903366734,-8.715596990691742,31.865555555555556
3.6005653422451838,-3.7568045449176615,31.866666666666667
3.6000614662995867,1.2395246500347548,31.86777777777778
3.601555310091831,6.223468924416399,31.86888888888889
3.605031947628546,11.14523035451198,31.87
3.6104566414966865,15.955632327027223,31.871111111111112
3.6177751899482873,20.606610895561648,31.872222222222224
3.6269144684664107,25.051695019667577,31.873333333333335
3.637783160401148,29.246470888126403,31.874444444444443
3.6502726693754024,33.14902568707011,31.875555555555557
3.6642582043439793,36.72036637895854,31.876666666666665
3.679600026464479,39.92480930812778,31.877777777777776
3.6961448453216055,42.73033674007757,31.878888888888888
3.7137273505543282,45.10891677209195,31.88
3.7321718635823715,47.036783418745536,31.88111111111111
3.7512940929284935,48.49467407377187,31.88222222222222
3.7709029755980414,49.468021975661095,31.883333333333333
3.7908025861172163,49.947101753923604,31.884444444444444
3.810794094155647,49.92712660177771,31.885555555555555
3.830677751173333,49.408296104340515,31.886666666666667
3.850254886242006,48.39579424444016,31.887777777777778
3.869329891099406,46.89973760597208,31.88888888888889
3.8877121746023553,44.93507429233725,31.89
3.9052180670504684,42.52143456993417,31.891111111111112
3.9216726553530865,39.68293472902501,31.892222222222223
3.9369115307030444,36.44793612173844,31.893333333333334
3.950782431295153,32.848761784809355,31.894444444444446
3.9631467636758053,28.921373478483485,31.895555555555557
3.9738809875229593,24.705012368495662,31.89666666666667
3.9828778500201993,20.2418069413119,31.897777777777776
3.9900474574914147,15.57635207022359,31.898888888888887
3.995318173588713,10.75526343810706,31.9
3.9986373350591173,5.8267117689343895,31.90111111111111
3.9999717779383848,0.8399415218213697,31.90222222222222
3.999308168914373,-4.155221143331351,31.903333333333332
3.9966531385490898,-9.108866212351984,31.904444444444444
3.9920332150283095,-13.971498501169656,31.905555555555555
3.985494559100708,-18.69453219532703,31.906666666666666
3.977102502854921,-23.230776303379468,31.907777777777778
3.9669408969429094,-27.534906173683442,31.90888888888889
3.955111272771971,-31.56391636332861,31.91
3.941731828036464,-35.277550334314995,31.91111111111111
3.9269362457255315,-38.63870268356869,31.912222222222223
3.910872358406853,-41.6137898878652,31.913333333333334
3.8937006711324975,-44.17308585929296,31.914444444444445
3.875592757725515,-46.29101895849477,31.915555555555557
3.8567295464709828,-47.9464274980398,31.916666666666668
3.8372995123404072,-49.12277118300622,31.91777777777778
3.817496793812106,-49.8082963761414,31.91888888888889
3.7975192531036996,-49.99615353631998,31.92
3.7775664991982607,-49.684465656894695,31.92111111111111
3.7578378934173036,-48.876347020126566,31.92222222222222
3.738530557468381,-47.57987208030567,31.923333333333332
3.7198374038701383,-45.80799478647306,31.924444444444443
3.7019452084341884,-43.57841915084325,31.925555555555555
3.685032744062965,-40.91342235616901,31.926666666666666
3.6692689945099417,-37.83963216949132,31.927777777777777
3.6548114659498503,-34.38776088629551,31.92888888888889
3.641804613229039,-30.592298463406337,31.93
3.6303783965203977,-26.491167906739026,31.93111111111111
3.6206469828042804,-22.125346357164595,31.932222222222222
3.6127076051497573,-17.538455660456535,31.933333333333334
3.606639591193943,-12.776326512231861,31.934444444444445
3.602503570526465,-7.88654053278903,31.935555555555556
3.6003408688986465,-2.917954847284858,31.936666666666667
3.6001730953102595,2.0797860785043443,31.93777777777778
3.6020019260995393,7.056746469283007,31.93888888888889
3.6058090881937708,11.963198181990853,31.94
3.611556541687789,16.750117572971813,31.941111111111113
3.619186859926139,21.36967532601767,31.942222222222224
3.628623803291228,25.775714347080143,31.943333333333335
3.6397730809643916,29.924210950704982,31.944444444444443
3.6525232930485814,33.773714730139424,31.945555555555554
3.6667470436393113,37.285762716096144,31.946666666666665
3.6823022137224304,40.425263686029005,31.947777777777777
3.6990333811803153,43.16084878402571,31.948888888888888
3.7167733737183197,45.46518494805224,31.95
3.7353449391950653,47.3152480128699,31.95111111111111
3.754562516667252,48.69255275988457,31.952222222222222
3.7742340904532705,49.5833376153407,31.953333333333333
3.794163108690397,49.978702151416385,31.954444444444444
3.8141504472160688,49.87469601635761,31.955555555555556
3.833996399150674,49.27235840508604,31.956666666666667
3.853502670302681,48.17770767590714,31.95777777777778
3.8724743604586607,46.601681217062946,31.95888888888889
3.89072191076177,44.56002616396603,31.96
3.908062997721225,42.07314205902512,31.961111111111112
3.924324354928327,39.165877026162185,31.962222222222223
3.9393435042771534,35.867279496571555,31.963333333333335
3.9529703793920845,32.21030796639643,31.964444444444446
3.9650688250414112,28.23150168633431,31.965555555555554
3.975517957555423,23.970615573516096,31.966666666666665
3.9842133726560642,19.470222993519375,31.967777777777776
3.9910681886299715,14.775290381371468,31.968888888888888
3.996013914421835,9.932727951793167,31.97
3.9990011339743803,4.990920987845252,31.97111111111111
3.9999999999772826,-0.0007536088340728101,31.97222222222222
3.999000532091623,-4.992420675703038,31.973333333333333
3.9960127166701334,-9.934205125455248,31.974444444444444
3.991066406976864,-14.776730281406902,31.975555555555555
3.984211024903241,-19.471611232922978,31.976666666666667
3.9755150671608535,-23.971938281458634,31.977777777777778
3.965065420884963,-28.23274564675525,31.97888888888889
3.9529664954869634,-32.21146075005444,31.98
3.939339179430055,-35.868329585233404,31.98111111111111
3.9243196323516942,-39.16681392768906,31.982222222222223
3.908057924601483,-42.07395641220666,31.983333333333334
3.8907165377878536,-44.56070983205444,31.984444444444446
3.8724687413155494,-46.602227369072686,31.985555555555557
3.8534968611349956,-48.17811085486785,31.986666666666668
3.8339904580016975,-49.27261458256682,31.98777777777778
3.814144433447798,-49.87480263271776,31.988888888888887
3.7941570823904165,-49.978658141380464,31.99
3.7742281118343777,-49.58314341864246,31.99111111111111
3.754556645465831,-48.692210316873215,31.99222222222222
3.7353392340742193,-47.31476074512279,31.993333333333332
3.71676789168173,-45.46455772418766,31.994444444444444
3.6990281770026803,-43.160087871057165,31.995555555555555
3.6822973394021727,-40.42437668674735,31.996666666666666
3.666742547879027,-37.28475849310501,31.997777777777777
3.6525192207684216,-33.77260331730298,31.99888888888889
