timestamp,voltage
2025-12-01 04:00:00,3.334
2025-12-01 04:00:01,3.333
2025-12-01 04:00:02,3.334
2025-12-01 04:00:03,3.334
2025-12-01 04:00:04,3.333
2025-12-01 04:00:05,3.335
2025-12-01 04:00:06,3.333
2025-12-01 04:00:07,3.333
2025-12-01 04:00:08,3.334
2025-12-01 04:00:09,3.334
2025-12-01 04:00:10,3.335
2025-12-01 04:00:11,3.335
2025-12-01 04:00:12,3.334
2025-12-01 04:00:13,3.335
2025-12-01 04:00:14,3.335
2025-12-01 04:00:15,3.334
2025-12-01 04:00:16,3.334
2025-12-01 04:00:17,3.334
2025-12-01 04:00:18,3.334
2025-12-01 04:00:19,3.334
2025-12-01 04:00:20,3.334
2025-12-01 04:00:21,3.334
2025-12-01 04:00:22,3.335
2025-12-01 04:00:23,3.334
2025-12-01 04:00:24,3.333
2025-12-01 04:00:25,3.334
2025-12-01 04:00:26,3.335
2025-12-01 04:00:27,3.334
2025-12-01 04:00:28,3.334
2025-12-01 04:00:29,3.335
2025-12-01 04:00:30,3.334
2025-12-01 04:00:31,3.334
2025-12-01 04:00:32,3.335
2025-12-01 04:00:33,3.334
2025-12-01 04:00:34,3.334
2025-12-01 04:00:35,3.335
2025-12-01 04:00:36,3.334
2025-12-01 04:00:37,3.335
2025-12-01 04:00:38,3.333
2025-12-01 04:00:39,3.334
2025-12-01 04:00:40,3.333
2025-12-01 04:00:41,3.335
2025-12-01 04:00:42,3.334
2025-12-01 04:00:43,3.334
2025-12-01 04:00:44,3.334
2025-12-01 04:00:45,3.334
2025-12-01 04:00:46,3.333
2025-12-01 04:00:47,3.334
2025-12-01 04:00:48,3.334
2025-12-01 04:00:49,3.334
2025-12-01 04:00:50,3.334
2025-12-01 04:00:51,3.334
2025-12-01 04:00:52,3.334
2025-12-01 04:00:53,3.335
2025-12-01 04:00:54,3.335
2025-12-01 04:00:55,3.334
2025-12-01 04:00:56,3.334
2025-12-01 04:00:57,3.335
2025-12-01 04:00:58,3.334
2025-12-01 04:00:59,3.333
2025-12-01 04:01:00,3.334
2025-12-01 04:01:01,3.334
2025-12-01 04:01:02,3.334
2025-12-01 04:01:03,3.334
2025-12-01 04:01:04,3.334
2025-12-01 04:01:05,3.333
2025-12-01 04:01:06,3.334
2025-12-01 04:01:07,3.334
2025-12-01 04:01:08,3.334
2025-12-01 04:01:09,3.334
2025-12-01 04:01:10,3.334
2025-12-01 04:01:11,3.333
2025-12-01 04:01:12,3.334
2025-12-01 04:01:13,3.335
2025-12-01 04:01:14,3.335
2025-12-01 04:01:15,3.334
2025-12-01 04:01:16,3.334
2025-12-01 04:01:17,3.335
2025-12-01 04:01:18,3.334
2025-12-01 04:01:19,3.333
2025-12-01 04:01:20,3.334
2025-12-01 04:01:21,3.334
2025-12-01 04:01:22,3.334
2025-12-01 04:01:23,3.334
2025-12-01 04:01:24,3.333
2025-12-01 04:01:25,3.334
2025-12-01 04:01:26,3.335
2025-12-01 04:01:27,3.335
2025-12-01 04:01:28,3.334
2025-12-01 04:01:29,3.335
2025-12-01 04:01:30,3.333
2025-12-01 04:01:31,3.333
2025-12-01 04:01:32,3.335
2025-12-01 04:01:33,3.334
2025-12-01 04:01:34,3.335
2025-12-01 04:01:35,3.334
2025-12-01 04:01:36,3.335
2025-12-01 04:01:37,3.335
2025-12-01 04:01:38,3.334
2025-12-01 04:01:39,3.334
2025-12-01 04:01:40,3.335
2025-12-01 04:01:41,3.334
2025-12-01 04:01:42,3.334
2025-12-01 04:01:43,3.334
2025-12-01 04:01:44,3.334
2025-12-01 04:01:45,3.334
2025-12-01 04:01:46,3.334
2025-12-01 04:01:47,3.335
2025-12-01 04:01:48,3.334
2025-12-01 04:01:49,3.334
2025-12-01 04:01:50,3.334
2025-12-01 04:01:51,3.335
2025-12-01 04:01:52,3.334
2025-12-01 04:01:53,3.334
2025-12-01 04:01:54,3.335
2025-12-01 04:01:55,3.334
2025-12-01 04:01:56,3.334
2025-12-01 04:01:57,3.334
2025-12-01 04:01:58,3.334
2025-12-01 04:01:59,3.334
2025-12-01 04:02:00,3.334
2025-12-01 04:02:01,3.334
2025-12-01 04:02:02,3.335
2025-12-01 04:02:03,3.334
2025-12-01 04:02:04,3.334
2025-12-01 04:02:05,3.335
2025-12-01 04:02:06,3.335
2025-12-01 04:02:07,3.333
2025-12-01 04:02:08,3.334
2025-12-01 04:02:09,3.335
2025-12-01 04:02:10,3.334
2025-12-01 04:02:11,3.334
2025-12-01 04:02:12,3.335
2025-12-01 04:02:13,3.334
2025-12-01 04:02:14,3.334
2025-12-01 04:02:15,3.334
2025-12-01 04:02:16,3.334
2025-12-01 04:02:17,3.333
2025-12-01 04:02:18,3.334
2025-12-01 04:02:19,3.334
2025-12-01 04:02:20,3.334
2025-12-01 04:02:21,3.334
2025-12-01 04:02:22,3.334
2025-12-01 04:02:23,3.334
2025-12-01 04:02:24,3.334
2025-12-01 04:02:25,3.333
2025-12-01 04:02:26,3.335
2025-12-01 04:02:27,3.334
2025-12-01 04:02:28,3.335
2025-12-01 04:02:29,3.334
2025-12-01 04:02:30,3.334
2025-12-01 04:02:31,3.334
2025-12-01 04:02:32,3.335
2025-12-01 04:02:33,3.334
2025-12-01 04:02:34,3.335
2025-12-01 04:02:35,3.334
2025-12-01 04:02:36,3.334
2025-12-01 04:02:37,3.335
2025-12-01 04:02:38,3.333
2025-12-01 04:02:39,3.334
2025-12-01 04:02:40,3.334
2025-12-01 04:02:41,3.335
2025-12-01 04:02:42,3.334
2025-12-01 04:02:43,3.335
2025-12-01 04:02:44,3.335
2025-12-01 04:02:45,3.334
2025-12-01 04:02:46,3.333
2025-12-01 04:02:47,3.335
2025-12-01 04:02:48,3.334
2025-12-01 04:02:49,3.335
2025-12-01 04:02:50,3.334
2025-12-01 04:02:51,3.335
2025-12-01 04:02:52,3.335
2025-12-01 04:02:53,3.334
2025-12-01 04:02:54,3.334
2025-12-01 04:02:55,3.334
2025-12-01 04:02:56,3.335
2025-12-01 04:02:57,3.334
2025-12-01 04:02:58,3.334
2025-12-01 04:02:59,3.335
2025-12-01 04:03:00,3.335
2025-12-01 04:03:01,3.334
2025-12-01 04:03:02,3.334
2025-12-01 04:03:03,3.335
2025-12-01 04:03:04,3.335
2025-12-01 04:03:05,3.333
2025-12-01 04:03:06,3.334
2025-12-01 04:03:07,3.334
2025-12-01 04:03:08,3.333
2025-12-01 04:03:09,3.334
2025-12-01 04:03:10,3.335
2025-12-01 04:03:11,3.334
2025-12-01 04:03:12,3.334
2025-12-01 04:03:13,3.334
2025-12-01 04:03:14,3.334
2025-12-01 04:03:15,3.334
2025-12-01 04:03:16,3.333
2025-12-01 04:03:17,3.334
2025-12-01 04:03:18,3.334
2025-12-01 04:03:19,3.334
2025-12-01 04:03:20,3.334
2025-12-01 04:03:21,3.334
2025-12-01 04:03:22,3.335
2025-12-01 04:03:23,3.334
2025-12-01 04:03:24,3.335
2025-12-01 04:03:25,3.334
2025-12-01 04:03:26,3.334
2025-12-01 04:03:27,3.334
2025-12-01 04:03:28,3.334
2025-12-01 04:03:29,3.335
2025-12-01 04:03:30,3.333
2025-12-01 04:03:31,3.334
2025-12-01 04:03:32,3.335
2025-12-01 04:03:33,3.333
2025-12-01 04:03:34,3.334
2025-12-01 04:03:35,3.335
2025-12-01 04:03:36,3.334
2025-12-01 04:03:37,3.334
2025-12-01 04:03:38,3.335
2025-12-01 04:03:39,3.334
2025-12-01 04:03:40,3.334
2025-12-01 04:03:41,3.335
2025-12-01 04:03:42,3.334
2025-12-01 04:03:43,3.334
2025-12-01 04:03:44,3.334
2025-12-01 04:03:45,3.334
2025-12-01 04:03:46,3.334
2025-12-01 04:03:47,3.334
2025-12-01 04:03:48,3.334
2025-12-01 04:03:49,3.334
2025-12-01 04:03:50,3.334
2025-12-01 04:03:51,3.335
2025-12-01 04:03:52,3.334
2025-12-01 04:03:53,3.334
2025-12-01 04:03:54,3.334
2025-12-01 04:03:55,3.334
2025-12-01 04:03:56,3.334
2025-12-01 04:03:57,3.334
2025-12-01 04:03:58,3.334
2025-12-01 04:03:59,3.334
2025-12-01 04:04:00,3.334
2025-12-01 04:04:01,3.334
2025-12-01 04:04:02,3.334
2025-12-01 04:04:03,3.334
2025-12-01 04:04:04,3.334
2025-12-01 04:04:05,3.334
2025-12-01 04:04:06,3.334
2025-12-01 04:04:07,3.334
2025-12-01 04:04:08,3.334
2025-12-01 04:04:09,3.334
2025-12-01 04:04:10,3.334
2025-12-01 04:04:11,3.334
2025-12-01 04:04:12,3.334
2025-12-01 04:04:13,3.334
2025-12-01 04:04:14,3.334
2025-12-01 04:04:15,3.335
2025-12-01 04:04:16,3.334
2025-12-01 04:04:17,3.334
2025-12-01 04:04:18,3.334
2025-12-01 04:04:19,3.334
2025-12-01 04:04:20,3.334
2025-12-01 04:04:21,3.334
2025-12-01 04:04:22,3.334
2025-12-01 04:04:23,3.334
2025-12-01 04:04:24,3.334
2025-12-01 04:04:25,3.334
2025-12-01 04:04:26,3.334
2025-12-01 04:04:27,3.334
2025-12-01 04:04:28,3.335
2025-12-01 04:04:29,3.334
2025-12-01 04:04:30,3.334
2025-12-01 04:04:31,3.335
2025-12-01 04:04:32,3.334
2025-12-01 04:04:33,3.334
2025-12-01 04:04:34,3.334
2025-12-01 04:04:35,3.334
2025-12-01 04:04:36,3.335
2025-12-01 04:04:37,3.335
2025-12-01 04:04:38,3.334
2025-12-01 04:04:39,3.335
2025-12-01 04:04:40,3.335
2025-12-01 04:04:41,3.335
2025-12-01 04:04:42,3.333
2025-12-01 04:04:43,3.334
2025-12-01 04:04:44,3.335
2025-12-01 04:04:45,3.335
2025-12-01 04:04:46,3.334
2025-12-01 04:04:47,3.333
2025-12-01 04:04:48,3.335
2025-12-01 04:04:49,3.335
2025-12-01 04:04:50,3.334
2025-12-01 04:04:51,3.334
2025-12-01 04:04:52,3.334
2025-12-01 04:04:53,3.334
2025-12-01 04:04:54,3.334
2025-12-01 04:04:55,3.334
2025-12-01 04:04:56,3.334
2025-12-01 04:04:57,3.334
2025-12-01 04:04:58,3.334
2025-12-01 04:04:59,3.334
2025-12-01 04:05:00,3.334
2025-12-01 04:05:01,3.334
2025-12-01 04:05:02,3.333
2025-12-01 04:05:03,3.334
2025-12-01 04:05:04,3.334
2025-12-01 04:05:05,3.335
2025-12-01 04:05:06,3.335
2025-12-01 04:05:07,3.335
2025-12-01 04:05:08,3.334
2025-12-01 04:05:09,3.335
2025-12-01 04:05:10,3.334
2025-12-01 04:05:11,3.334
2025-12-01 04:05:12,3.334
2025-12-01 04:05:13,3.335
2025-12-01 04:05:14,3.334
2025-12-01 04:05:15,3.334
2025-12-01 04:05:16,3.334
2025-12-01 04:05:17,3.335
2025-12-01 04:05:18,3.334
2025-12-01 04:05:19,3.333
2025-12-01 04:05:20,3.334
2025-12-01 04:05:21,3.334
2025-12-01 04:05:22,3.335
2025-12-01 04:05:23,3.334
2025-12-01 04:05:24,3.334
2025-12-01 04:05:25,3.334
2025-12-01 04:05:26,3.334
2025-12-01 04:05:27,3.333
2025-12-01 04:05:28,3.333
2025-12-01 04:05:29,3.334
2025-12-01 04:05:30,3.334
2025-12-01 04:05:31,3.334
2025-12-01 04:05:32,3.333
2025-12-01 04:05:33,3.333
2025-12-01 04:05:34,3.334
2025-12-01 04:05:35,3.334
2025-12-01 04:05:36,3.335
2025-12-01 04:05:37,3.334
2025-12-01 04:05:38,3.334
2025-12-01 04:05:39,3.335
2025-12-01 04:05:40,3.332
2025-12-01 04:05:41,3.335
2025-12-01 04:05:42,3.333
2025-12-01 04:05:43,3.335
2025-12-01 04:05:44,3.334
2025-12-01 04:05:45,3.334
2025-12-01 04:05:46,3.334
2025-12-01 04:05:47,3.334
2025-12-01 04:05:48,3.335
2025-12-01 04:05:49,3.334
2025-12-01 04:05:50,3.335
2025-12-01 04:05:51,3.334
2025-12-01 04:05:52,3.334
2025-12-01 04:05:53,3.334
2025-12-01 04:05:54,3.334
2025-12-01 04:05:55,3.335
2025-12-01 04:05:56,3.334
2025-12-01 04:05:57,3.334
2025-12-01 04:05:58,3.334
2025-12-01 04:05:59,3.334
2025-12-01 04:06:00,3.335
2025-12-01 04:06:01,3.334
2025-12-01 04:06:02,3.335
2025-12-01 04:06:03,3.335
2025-12-01 04:06:04,3.334
2025-12-01 04:06:05,3.334
2025-12-01 04:06:06,3.334
2025-12-01 04:06:07,3.334
2025-12-01 04:06:08,3.335
2025-12-01 04:06:09,3.334
2025-12-01 04:06:10,3.335
2025-12-01 04:06:11,3.335
2025-12-01 04:06:12,3.334
2025-12-01 04:06:13,3.333
2025-12-01 04:06:14,3.334
2025-12-01 04:06:15,3.333
2025-12-01 04:06:16,3.334
2025-12-01 04:06:17,3.334
2025-12-01 04:06:18,3.335
2025-12-01 04:06:19,3.335
2025-12-01 04:06:20,3.334
2025-12-01 04:06:21,3.335
2025-12-01 04:06:22,3.334
2025-12-01 04:06:23,3.334
2025-12-01 04:06:24,3.335
2025-12-01 04:06:25,3.334
2025-12-01 04:06:26,3.334
2025-12-01 04:06:27,3.334
2025-12-01 04:06:28,3.334
2025-12-01 04:06:29,3.334
2025-12-01 04:06:30,3.334
2025-12-01 04:06:31,3.334
2025-12-01 04:06:32,3.335
2025-12-01 04:06:33,3.335
2025-12-01 04:06:34,3.334
2025-12-01 04:06:35,3.335
2025-12-01 04:06:36,3.335
2025-12-01 04:06:37,3.334
2025-12-01 04:06:38,3.334
2025-12-01 04:06:39,3.334
2025-12-01 04:06:40,3.334
2025-12-01 04:06:41,3.334
2025-12-01 04:06:42,3.334
2025-12-01 04:06:43,3.334
2025-12-01 04:06:44,3.335
2025-12-01 04:06:45,3.335
2025-12-01 04:06:46,3.334
2025-12-01 04:06:47,3.335
2025-12-01 04:06:48,3.334
2025-12-01 04:06:49,3.334
2025-12-01 04:06:50,3.334
2025-12-01 04:06:51,3.334
2025-12-01 04:06:52,3.335
2025-12-01 04:06:53,3.334
2025-12-01 04:06:54,3.334
2025-12-01 04:06:55,3.333
2025-12-01 04:06:56,3.334
2025-12-01 04:06:57,3.334
2025-12-01 04:06:58,3.333
2025-12-01 04:06:59,3.335
2025-12-01 04:07:00,3.335
2025-12-01 04:07:01,3.335
2025-12-01 04:07:02,3.334
2025-12-01 04:07:03,3.334
2025-12-01 04:07:04,3.334
2025-12-01 04:07:05,3.334
2025-12-01 04:07:06,3.334
2025-12-01 04:07:07,3.334
2025-12-01 04:07:08,3.336
2025-12-01 04:07:09,3.334
2025-12-01 04:07:10,3.335
2025-12-01 04:07:11,3.334
2025-12-01 04:07:12,3.334
2025-12-01 04:07:13,3.334
2025-12-01 04:07:14,3.334
2025-12-01 04:07:15,3.334
2025-12-01 04:07:16,3.334
2025-12-01 04:07:17,3.334
2025-12-01 04:07:18,3.333
2025-12-01 04:07:19,3.334
2025-12-01 04:07:20,3.334
2025-12-01 04:07:21,3.334
2025-12-01 04:07:22,3.335
2025-12-01 04:07:23,3.334
2025-12-01 04:07:24,3.334
2025-12-01 04:07:25,3.335
2025-12-01 04:07:26,3.334
2025-12-01 04:07:27,3.333
2025-12-01 04:07:28,3.334
2025-12-01 04:07:29,3.335
2025-12-01 04:07:30,3.334
2025-12-01 04:07:31,3.334
2025-12-01 04:07:32,3.334
2025-12-01 04:07:33,3.335
2025-12-01 04:07:34,3.334
2025-12-01 04:07:35,3.335
2025-12-01 04:07:36,3.334
2025-12-01 04:07:37,3.335
2025-12-01 04:07:38,3.335
2025-12-01 04:07:39,3.334
2025-12-01 04:07:40,3.334
2025-12-01 04:07:41,3.334
2025-12-01 04:07:42,3.335
2025-12-01 04:07:43,3.335
2025-12-01 04:07:44,3.334
2025-12-01 04:07:45,3.334
2025-12-01 04:07:46,3.334
2025-12-01 04:07:47,3.334
2025-12-01 04:07:48,3.333
2025-12-01 04:07:49,3.333
2025-12-01 04:07:50,3.335
2025-12-01 04:07:51,3.334
2025-12-01 04:07:52,3.334
2025-12-01 04:07:53,3.335
2025-12-01 04:07:54,3.334
2025-12-01 04:07:55,3.333
2025-12-01 04:07:56,3.334
2025-12-01 04:07:57,3.334
2025-12-01 04:07:58,3.334
2025-12-01 04:07:59,3.335
2025-12-01 04:08:00,3.334
2025-12-01 04:08:01,3.334
2025-12-01 04:08:02,3.334
2025-12-01 04:08:03,3.334
2025-12-01 04:08:04,3.335
2025-12-01 04:08:05,3.334
2025-12-01 04:08:06,3.335
2025-12-01 04:08:07,3.334
2025-12-01 04:08:08,3.335
2025-12-01 04:08:09,3.334
2025-12-01 04:08:10,3.335
2025-12-01 04:08:11,3.334
2025-12-01 04:08:12,3.334
2025-12-01 04:08:13,3.334
2025-12-01 04:08:14,3.334
2025-12-01 04:08:15,3.335
2025-12-01 04:08:16,3.334
2025-12-01 04:08:17,3.334
2025-12-01 04:08:18,3.334
2025-12-01 04:08:19,3.334
2025-12-01 04:08:20,3.334
2025-12-01 04:08:21,3.335
2025-12-01 04:08:22,3.334
2025-12-01 04:08:23,3.334
2025-12-01 04:08:24,3.335
2025-12-01 04:08:25,3.334
2025-12-01 04:08:26,3.334
2025-12-01 04:08:27,3.335
2025-12-01 04:08:28,3.335
2025-12-01 04:08:29,3.334
2025-12-01 04:08:30,3.334
2025-12-01 04:08:31,3.334
2025-12-01 04:08:32,3.334
2025-12-01 04:08:33,3.334
2025-12-01 04:08:34,3.334
2025-12-01 04:08:35,3.335
2025-12-01 04:08:36,3.334
2025-12-01 04:08:37,3.334
2025-12-01 04:08:38,3.335
2025-12-01 04:08:39,3.335
2025-12-01 04:08:40,3.333
2025-12-01 04:08:41,3.334
2025-12-01 04:08:42,3.334
2025-12-01 04:08:43,3.334
2025-12-01 04:08:44,3.335
2025-12-01 04:08:45,3.335
2025-12-01 04:08:46,3.334
2025-12-01 04:08:47,3.335
2025-12-01 04:08:48,3.334
2025-12-01 04:08:49,3.335
2025-12-01 04:08:50,3.334
2025-12-01 04:08:51,3.334
2025-12-01 04:08:52,3.334
2025-12-01 04:08:53,3.334
2025-12-01 04:08:54,3.334
2025-12-01 04:08:55,3.334
2025-12-01 04:08:56,3.335
2025-12-01 04:08:57,3.334
2025-12-01 04:08:58,3.335
2025-12-01 04:08:59,3.334
2025-12-01 04:09:00,3.334
2025-12-01 04:09:01,3.334
2025-12-01 04:09:02,3.334
2025-12-01 04:09:03,3.334
2025-12-01 04:09:04,3.335
2025-12-01 04:09:05,3.335
2025-12-01 04:09:06,3.334
2025-12-01 04:09:07,3.335
2025-12-01 04:09:08,3.334
2025-12-01 04:09:09,3.335
2025-12-01 04:09:10,3.333
2025-12-01 04:09:11,3.334
2025-12-01 04:09:12,3.334
2025-12-01 04:09:13,3.335
2025-12-01 04:09:14,3.335
2025-12-01 04:09:15,3.335
2025-12-01 04:09:16,3.334
2025-12-01 04:09:17,3.334
2025-12-01 04:09:18,3.333
2025-12-01 04:09:19,3.334
2025-12-01 04:09:20,3.335
2025-12-01 04:09:21,3.334
2025-12-01 04:09:22,3.334
2025-12-01 04:09:23,3.335
2025-12-01 04:09:24,3.334
2025-12-01 04:09:25,3.334
2025-12-01 04:09:26,3.335
2025-12-01 04:09:27,3.334
2025-12-01 04:09:28,3.334
2025-12-01 04:09:29,3.334
2025-12-01 04:09:30,3.334
2025-12-01 04:09:31,3.333
2025-12-01 04:09:32,3.334
2025-12-01 04:09:33,3.334
2025-12-01 04:09:34,3.334
2025-12-01 04:09:35,3.335
2025-12-01 04:09:36,3.334
2025-12-01 04:09:37,3.334
2025-12-01 04:09:38,3.335
2025-12-01 04:09:39,3.334
2025-12-01 04:09:40,3.333
2025-12-01 04:09:41,3.335
2025-12-01 04:09:42,3.334
2025-12-01 04:09:43,3.334
2025-12-01 04:09:44,3.334
2025-12-01 04:09:45,3.334
2025-12-01 04:09:46,3.334
2025-12-01 04:09:47,3.333
2025-12-01 04:09:48,3.334
2025-12-01 04:09:49,3.334
2025-12-01 04:09:50,3.334
2025-12-01 04:09:51,3.335
2025-12-01 04:09:52,3.333
2025-12-01 04:09:53,3.334
2025-12-01 04:09:54,3.334
2025-12-01 04:09:55,3.335
2025-12-01 04:09:56,3.333
2025-12-01 04:09:57,3.334
2025-12-01 04:09:58,3.334
2025-12-01 04:09:59,3.333
2025-12-01 04:10:00,3.334
2025-12-01 04:10:01,3.334
2025-12-01 04:10:02,3.334
2025-12-01 04:10:03,3.334
2025-12-01 04:10:04,3.334
2025-12-01 04:10:05,3.334
2025-12-01 04:10:06,3.334
2025-12-01 04:10:07,3.334
2025-12-01 04:10:08,3.333
2025-12-01 04:10:09,3.334
2025-12-01 04:10:10,3.334
2025-12-01 04:10:11,3.334
2025-12-01 04:10:12,3.334
2025-12-01 04:10:13,3.335
2025-12-01 04:10:14,3.334
2025-12-01 04:10:15,3.335
2025-12-01 04:10:16,3.334
2025-12-01 04:10:17,3.334
2025-12-01 04:10:18,3.335
2025-12-01 04:10:19,3.335
2025-12-01 04:10:20,3.334
2025-12-01 04:10:21,3.334
2025-12-01 04:10:22,3.334
2025-12-01 04:10:23,3.334
2025-12-01 04:10:24,3.334
2025-12-01 04:10:25,3.335
2025-12-01 04:10:26,3.334
2025-12-01 04:10:27,3.335
2025-12-01 04:10:28,3.334
2025-12-01 04:10:29,3.334
2025-12-01 04:10:30,3.334
2025-12-01 04:10:31,3.334
2025-12-01 04:10:32,3.334
2025-12-01 04:10:33,3.335
2025-12-01 04:10:34,3.333
2025-12-01 04:10:35,3.334
2025-12-01 04:10:36,3.334
2025-12-01 04:10:37,3.334
2025-12-01 04:10:38,3.334
2025-12-01 04:10:39,3.335
2025-12-01 04:10:40,3.335
2025-12-01 04:10:41,3.334
2025-12-01 04:10:42,3.334
2025-12-01 04:10:43,3.334
2025-12-01 04:10:44,3.335
2025-12-01 04:10:45,3.335
2025-12-01 04:10:46,3.334
2025-12-01 04:10:47,3.335
2025-12-01 04:10:48,3.335
2025-12-01 04:10:49,3.334
2025-12-01 04:10:50,3.335
2025-12-01 04:10:51,3.334
2025-12-01 04:10:52,3.334
2025-12-01 04:10:53,3.334
2025-12-01 04:10:54,3.334
2025-12-01 04:10:55,3.334
2025-12-01 04:10:56,3.334
2025-12-01 04:10:57,3.333
2025-12-01 04:10:58,3.334
2025-12-01 04:10:59,3.334
2025-12-01 04:11:00,3.335
2025-12-01 04:11:01,3.334
2025-12-01 04:11:02,3.334
2025-12-01 04:11:03,3.335
2025-12-01 04:11:04,3.335
2025-12-01 04:11:05,3.335
2025-12-01 04:11:06,3.334
2025-12-01 04:11:07,3.334
2025-12-01 04:11:08,3.335
2025-12-01 04:11:09,3.334
2025-12-01 04:11:10,3.335
2025-12-01 04:11:11,3.335
2025-12-01 04:11:12,3.335
2025-12-01 04:11:13,3.334
2025-12-01 04:11:14,3.334
2025-12-01 04:11:15,3.335
2025-12-01 04:11:16,3.334
2025-12-01 04:11:17,3.334
2025-12-01 04:11:18,3.334
2025-12-01 04:11:19,3.333
2025-12-01 04:11:20,3.335
2025-12-01 04:11:21,3.335
2025-12-01 04:11:22,3.334
2025-12-01 04:11:23,3.334
2025-12-01 04:11:24,3.334
2025-12-01 04:11:25,3.334
2025-12-01 04:11:26,3.334
2025-12-01 04:11:27,3.334
2025-12-01 04:11:28,3.335
2025-12-01 04:11:29,3.334
2025-12-01 04:11:30,3.334
2025-12-01 04:11:31,3.335
2025-12-01 04:11:32,3.334
2025-12-01 04:11:33,3.335
2025-12-01 04:11:34,3.333
2025-12-01 04:11:35,3.335
2025-12-01 04:11:36,3.334
2025-12-01 04:11:37,3.334
2025-12-01 04:11:38,3.334
2025-12-01 04:11:39,3.335
2025-12-01 04:11:40,3.335
2025-12-01 04:11:41,3.334
2025-12-01 04:11:42,3.334
2025-12-01 04:11:43,3.334
2025-12-01 04:11:44,3.334
2025-12-01 04:11:45,3.334
2025-12-01 04:11:46,3.335
2025-12-01 04:11:47,3.334
2025-12-01 04:11:48,3.334
2025-12-01 04:11:49,3.334
2025-12-01 04:11:50,3.333
2025-12-01 04:11:51,3.334
2025-12-01 04:11:52,3.334
2025-12-01 04:11:53,3.335
2025-12-01 04:11:54,3.335
2025-12-01 04:11:55,3.334
2025-12-01 04:11:56,3.334
2025-12-01 04:11:57,3.334
2025-12-01 04:11:58,3.334
2025-12-01 04:11:59,3.334
2025-12-01 04:12:00,3.334
2025-12-01 04:12:01,3.334
2025-12-01 04:12:02,3.334
2025-12-01 04:12:03,3.334
2025-12-01 04:12:04,3.334
2025-12-01 04:12:05,3.334
2025-12-01 04:12:06,3.335
2025-12-01 04:12:07,3.334
2025-12-01 04:12:08,3.334
2025-12-01 04:12:09,3.333
2025-12-01 04:12:10,3.335
2025-12-01 04:12:11,3.335
2025-12-01 04:12:12,3.334
2025-12-01 04:12:13,3.334
2025-12-01 04:12:14,3.335
2025-12-01 04:12:15,3.334
2025-12-01 04:12:16,3.334
2025-12-01 04:12:17,3.334
2025-12-01 04:12:18,3.335
2025-12-01 04:12:19,3.333
2025-12-01 04:12:20,3.335
2025-12-01 04:12:21,3.334
2025-12-01 04:12:22,3.335
2025-12-01 04:12:23,3.336
2025-12-01 04:12:24,3.334
2025-12-01 04:12:25,3.335
2025-12-01 04:12:26,3.334
2025-12-01 04:12:27,3.335
2025-12-01 04:12:28,3.335
2025-12-01 04:12:29,3.334
2025-12-01 04:12:30,3.334
2025-12-01 04:12:31,3.334
2025-12-01 04:12:32,3.335
2025-12-01 04:12:33,3.334
2025-12-01 04:12:34,3.334
2025-12-01 04:12:35,3.334
2025-12-01 04:12:36,3.334
2025-12-01 04:12:37,3.334
2025-12-01 04:12:38,3.334
2025-12-01 04:12:39,3.335
2025-12-01 04:12:40,3.334
2025-12-01 04:12:41,3.335
2025-12-01 04:12:42,3.335
2025-12-01 04:12:43,3.335
2025-12-01 04:12:44,3.334
2025-12-01 04:12:45,3.335
2025-12-01 04:12:46,3.334
2025-12-01 04:12:47,3.334
2025-12-01 04:12:48,3.335
2025-12-01 04:12:49,3.335
2025-12-01 04:12:50,3.334
2025-12-01 04:12:51,3.334
2025-12-01 04:12:52,3.334
2025-12-01 04:12:53,3.334
2025-12-01 04:12:54,3.334
2025-12-01 04:12:55,3.333
2025-12-01 04:12:56,3.334
2025-12-01 04:12:57,3.334
2025-12-01 04:12:58,3.334
2025-12-01 04:12:59,3.334
2025-12-01 04:13:00,3.334
2025-12-01 04:13:01,3.335
2025-12-01 04:13:02,3.334
2025-12-01 04:13:03,3.334
2025-12-01 04:13:04,3.335
2025-12-01 04:13:05,3.334
2025-12-01 04:13:06,3.335
2025-12-01 04:13:07,3.334
2025-12-01 04:13:08,3.334
2025-12-01 04:13:09,3.334
2025-12-01 04:13:10,3.334
2025-12-01 04:13:11,3.335
2025-12-01 04:13:12,3.334
2025-12-01 04:13:13,3.334
2025-12-01 04:13:14,3.334
2025-12-01 04:13:15,3.334
2025-12-01 04:13:16,3.334
2025-12-01 04:13:17,3.334
2025-12-01 04:13:18,3.335
2025-12-01 04:13:19,3.334
2025-12-01 04:13:20,3.334
2025-12-01 04:13:21,3.334
2025-12-01 04:13:22,3.335
2025-12-01 04:13:23,3.333
2025-12-01 04:13:24,3.333
2025-12-01 04:13:25,3.335
2025-12-01 04:13:26,3.334
2025-12-01 04:13:27,3.335
2025-12-01 04:13:28,3.334
2025-12-01 04:13:29,3.335
2025-12-01 04:13:30,3.335
2025-12-01 04:13:31,3.334
2025-12-01 04:13:32,3.335
2025-12-01 04:13:33,3.334
2025-12-01 04:13:34,3.333
2025-12-01 04:13:35,3.335
2025-12-01 04:13:36,3.335
2025-12-01 04:13:37,3.335
2025-12-01 04:13:38,3.334
2025-12-01 04:13:39,3.334
2025-12-01 04:13:40,3.334
2025-12-01 04:13:41,3.333
2025-12-01 04:13:42,3.335
2025-12-01 04:13:43,3.335
2025-12-01 04:13:44,3.334
2025-12-01 04:13:45,3.334
2025-12-01 04:13:46,3.334
2025-12-01 04:13:47,3.335
2025-12-01 04:13:48,3.335
2025-12-01 04:13:49,3.334
2025-12-01 04:13:50,3.333
2025-12-01 04:13:51,3.334
2025-12-01 04:13:52,3.335
2025-12-01 04:13:53,3.334
2025-12-01 04:13:54,3.334
2025-12-01 04:13:55,3.334
2025-12-01 04:13:56,3.335
2025-12-01 04:13:57,3.333
2025-12-01 04:13:58,3.334
2025-12-01 04:13:59,3.334
2025-12-01 04:14:00,3.335
2025-12-01 04:14:01,3.334
2025-12-01 04:14:02,3.334
2025-12-01 04:14:03,3.335
2025-12-01 04:14:04,3.334
2025-12-01 04:14:05,3.334
2025-12-01 04:14:06,3.334
2025-12-01 04:14:07,3.333
2025-12-01 04:14:08,3.334
2025-12-01 04:14:09,3.334
2025-12-01 04:14:10,3.334
2025-12-01 04:14:11,3.334
2025-12-01 04:14:12,3.334
2025-12-01 04:14:13,3.334
2025-12-01 04:14:14,3.334
2025-12-01 04:14:15,3.334
2025-12-01 04:14:16,3.335
2025-12-01 04:14:17,3.334
2025-12-01 04:14:18,3.334
2025-12-01 04:14:19,3.334
2025-12-01 04:14:20,3.335
2025-12-01 04:14:21,3.334
2025-12-01 04:14:22,3.334
2025-12-01 04:14:23,3.335
2025-12-01 04:14:24,3.334
2025-12-01 04:14:25,3.333
2025-12-01 04:14:26,3.335
2025-12-01 04:14:27,3.334
2025-12-01 04:14:28,3.334
2025-12-01 04:14:29,3.334
2025-12-01 04:14:30,3.334
2025-12-01 04:14:31,3.334
2025-12-01 04:14:32,3.335
2025-12-01 04:14:33,3.335
2025-12-01 04:14:34,3.334
2025-12-01 04:14:35,3.334
2025-12-01 04:14:36,3.334
2025-12-01 04:14:37,3.334
2025-12-01 04:14:38,3.335
2025-12-01 04:14:39,3.335
2025-12-01 04:14:40,3.334
2025-12-01 04:14:41,3.335
2025-12-01 04:14:42,3.334
2025-12-01 04:14:43,3.335
2025-12-01 04:14:44,3.334
2025-12-01 04:14:45,3.335
2025-12-01 04:14:46,3.334
2025-12-01 04:14:47,3.334
2025-12-01 04:14:48,3.334
2025-12-01 04:14:49,3.333
2025-12-01 04:14:50,3.335
2025-12-01 04:14:51,3.333
2025-12-01 04:14:52,3.334
2025-12-01 04:14:53,3.334
2025-12-01 04:14:54,3.335
2025-12-01 04:14:55,3.334
2025-12-01 04:14:56,3.334
2025-12-01 04:14:57,3.335
2025-12-01 04:14:58,3.334
2025-12-01 04:14:59,3.334
2025-12-01 04:15:00,3.334
2025-12-01 04:15:01,3.334
2025-12-01 04:15:02,3.334
2025-12-01 04:15:03,3.334
2025-12-01 04:15:04,3.334
2025-12-01 04:15:05,3.334
2025-12-01 04:15:06,3.334
2025-12-01 04:15:07,3.334
2025-12-01 04:15:08,3.334
2025-12-01 04:15:09,3.335
2025-12-01 04:15:10,3.334
2025-12-01 04:15:11,3.335
2025-12-01 04:15:12,3.334
2025-12-01 04:15:13,3.335
2025-12-01 04:15:14,3.334
2025-12-01 04:15:15,3.334
2025-12-01 04:15:16,3.334
2025-12-01 04:15:17,3.335
2025-12-01 04:15:18,3.335
2025-12-01 04:15:19,3.334
2025-12-01 04:15:20,3.334
2025-12-01 04:15:21,3.335
2025-12-01 04:15:22,3.334
2025-12-01 04:15:23,3.334
2025-12-01 04:15:24,3.335
2025-12-01 04:15:25,3.334
2025-12-01 04:15:26,3.335
2025-12-01 04:15:27,3.335
2025-12-01 04:15:28,3.335
2025-12-01 04:15:29,3.335
2025-12-01 04:15:30,3.334
2025-12-01 04:15:31,3.335
2025-12-01 04:15:32,3.334
2025-12-01 04:15:33,3.334
2025-12-01 04:15:34,3.334
2025-12-01 04:15:35,3.334
2025-12-01 04:15:36,3.334
2025-12-01 04:15:37,3.335
2025-12-01 04:15:38,3.334
2025-12-01 04:15:39,3.333
2025-12-01 04:15:40,3.334
2025-12-01 04:15:41,3.335
2025-12-01 04:15:42,3.334
2025-12-01 04:15:43,3.334
2025-12-01 04:15:44,3.334
2025-12-01 04:15:45,3.335
2025-12-01 04:15:46,3.334
2025-12-01 04:15:47,3.334
2025-12-01 04:15:48,3.335
2025-12-01 04:15:49,3.334
2025-12-01 04:15:50,3.334
2025-12-01 04:15:51,3.333
2025-12-01 04:15:52,3.334
2025-12-01 04:15:53,3.335
2025-12-01 04:15:54,3.334
2025-12-01 04:15:55,3.335
2025-12-01 04:15:56,3.335
2025-12-01 04:15:57,3.334
2025-12-01 04:15:58,3.334
2025-12-01 04:15:59,3.334
2025-12-01 04:16:00,3.335
2025-12-01 04:16:01,3.335
2025-12-01 04:16:02,3.334
2025-12-01 04:16:03,3.334
2025-12-01 04:16:04,3.334
2025-12-01 04:16:05,3.334
2025-12-01 04:16:06,3.334
2025-12-01 04:16:07,3.335
2025-12-01 04:16:08,3.334
2025-12-01 04:16:09,3.335
2025-12-01 04:16:10,3.333
2025-12-01 04:16:11,3.335
2025-12-01 04:16:12,3.333
2025-12-01 04:16:13,3.334
2025-12-01 04:16:14,3.334
2025-12-01 04:16:15,3.334
2025-12-01 04:16:16,3.334
2025-12-01 04:16:17,3.334
2025-12-01 04:16:18,3.334
2025-12-01 04:16:19,3.334
2025-12-01 04:16:20,3.334
2025-12-01 04:16:21,3.335
2025-12-01 04:16:22,3.334
2025-12-01 04:16:23,3.334
2025-12-01 04:16:24,3.334
2025-12-01 04:16:25,3.334
2025-12-01 04:16:26,3.334
2025-12-01 04:16:27,3.334
2025-12-01 04:16:28,3.334
2025-12-01 04:16:29,3.334
2025-12-01 04:16:30,3.335
2025-12-01 04:16:31,3.334
2025-12-01 04:16:32,3.334
2025-12-01 04:16:33,3.334
2025-12-01 04:16:34,3.334
2025-12-01 04:16:35,3.335
2025-12-01 04:16:36,3.334
2025-12-01 04:16:37,3.334
2025-12-01 04:16:38,3.334
2025-12-01 04:16:39,3.335
2025-12-01 04:16:40,3.334
2025-12-01 04:16:41,3.334
2025-12-01 04:16:42,3.334
2025-12-01 04:16:43,3.333
2025-12-01 04:16:44,3.334
2025-12-01 04:16:45,3.334
2025-12-01 04:16:46,3.334
2025-12-01 04:16:47,3.334
2025-12-01 04:16:48,3.335
2025-12-01 04:16:49,3.334
2025-12-01 04:16:50,3.334
2025-12-01 04:16:51,3.335
2025-12-01 04:16:52,3.335
2025-12-01 04:16:53,3.334
2025-12-01 04:16:54,3.334
2025-12-01 04:16:55,3.335
2025-12-01 04:16:56,3.335
2025-12-01 04:16:57,3.334
2025-12-01 04:16:58,3.334
2025-12-01 04:16:59,3.334
2025-12-01 04:17:00,3.334
2025-12-01 04:17:01,3.335
2025-12-01 04:17:02,3.334
2025-12-01 04:17:03,3.334
2025-12-01 04:17:04,3.335
2025-12-01 04:17:05,3.333
2025-12-01 04:17:06,3.334
2025-12-01 04:17:07,3.333
2025-12-01 04:17:08,3.334
2025-12-01 04:17:09,3.335
2025-12-01 04:17:10,3.334
2025-12-01 04:17:11,3.335
2025-12-01 04:17:12,3.334
2025-12-01 04:17:13,3.334
2025-12-01 04:17:14,3.334
2025-12-01 04:17:15,3.335
2025-12-01 04:17:16,3.334
2025-12-01 04:17:17,3.334
2025-12-01 04:17:18,3.334
2025-12-01 04:17:19,3.333
2025-12-01 04:17:20,3.334
2025-12-01 04:17:21,3.334
2025-12-01 04:17:22,3.335
2025-12-01 04:17:23,3.334
2025-12-01 04:17:24,3.334
2025-12-01 04:17:25,3.334
2025-12-01 04:17:26,3.335
2025-12-01 04:17:27,3.334
2025-12-01 04:17:28,3.333
2025-12-01 04:17:29,3.333
2025-12-01 04:17:30,3.334
2025-12-01 04:17:31,3.334
2025-12-01 04:17:32,3.334
2025-12-01 04:17:33,3.334
2025-12-01 04:17:34,3.334
2025-12-01 04:17:35,3.334
2025-12-01 04:17:36,3.334
2025-12-01 04:17:37,3.334
2025-12-01 04:17:38,3.334
2025-12-01 04:17:39,3.335
2025-12-01 04:17:40,3.334
2025-12-01 04:17:41,3.335
2025-12-01 04:17:42,3.334
2025-12-01 04:17:43,3.334
2025-12-01 04:17:44,3.334
2025-12-01 04:17:45,3.334
2025-12-01 04:17:46,3.333
2025-12-01 04:17:47,3.334
2025-12-01 04:17:48,3.335
2025-12-01 04:17:49,3.334
2025-12-01 04:17:50,3.334
2025-12-01 04:17:51,3.335
2025-12-01 04:17:52,3.334
2025-12-01 04:17:53,3.335
2025-12-01 04:17:54,3.334
2025-12-01 04:17:55,3.334
2025-12-01 04:17:56,3.335
2025-12-01 04:17:57,3.335
2025-12-01 04:17:58,3.334
2025-12-01 04:17:59,3.335
2025-12-01 04:18:00,3.335
2025-12-01 04:18:01,3.335
2025-12-01 04:18:02,3.335
2025-12-01 04:18:03,3.334
2025-12-01 04:18:04,3.335
2025-12-01 04:18:05,3.333
2025-12-01 04:18:06,3.335
2025-12-01 04:18:07,3.334
2025-12-01 04:18:08,3.335
2025-12-01 04:18:09,3.334
2025-12-01 04:18:10,3.334
2025-12-01 04:18:11,3.334
2025-12-01 04:18:12,3.334
2025-12-01 04:18:13,3.334
2025-12-01 04:18:14,3.334
2025-12-01 04:18:15,3.334
2025-12-01 04:18:16,3.335
2025-12-01 04:18:17,3.335
2025-12-01 04:18:18,3.334
2025-12-01 04:18:19,3.333
2025-12-01 04:18:20,3.334
2025-12-01 04:18:21,3.335
2025-12-01 04:18:22,3.335
2025-12-01 04:18:23,3.334
2025-12-01 04:18:24,3.335
2025-12-01 04:18:25,3.335
2025-12-01 04:18:26,3.335
2025-12-01 04:18:27,3.335
2025-12-01 04:18:28,3.334
2025-12-01 04:18:29,3.335
2025-12-01 04:18:30,3.334
2025-12-01 04:18:31,3.335
2025-12-01 04:18:32,3.334
2025-12-01 04:18:33,3.334
2025-12-01 04:18:34,3.334
2025-12-01 04:18:35,3.334
2025-12-01 04:18:36,3.335
2025-12-01 04:18:37,3.333
2025-12-01 04:18:38,3.334
2025-12-01 04:18:39,3.334
2025-12-01 04:18:40,3.334
2025-12-01 04:18:41,3.335
2025-12-01 04:18:42,3.335
2025-12-01 04:18:43,3.334
2025-12-01 04:18:44,3.334
2025-12-01 04:18:45,3.334
2025-12-01 04:18:46,3.335
2025-12-01 04:18:47,3.334
2025-12-01 04:18:48,3.334
2025-12-01 04:18:49,3.334
2025-12-01 04:18:50,3.333
2025-12-01 04:18:51,3.333
2025-12-01 04:18:52,3.335
2025-12-01 04:18:53,3.334
2025-12-01 04:18:54,3.334
2025-12-01 04:18:55,3.335
2025-12-01 04:18:56,3.334
2025-12-01 04:18:57,3.334
2025-12-01 04:18:58,3.334
2025-12-01 04:18:59,3.334
2025-12-01 04:19:00,3.335
2025-12-01 04:19:01,3.334
2025-12-01 04:19:02,3.335
2025-12-01 04:19:03,3.334
2025-12-01 04:19:04,3.333
2025-12-01 04:19:05,3.334
2025-12-01 04:19:06,3.335
2025-12-01 04:19:07,3.334
2025-12-01 04:19:08,3.334
2025-12-01 04:19:09,3.335
2025-12-01 04:19:10,3.334
2025-12-01 04:19:11,3.334
2025-12-01 04:19:12,3.335
2025-12-01 04:19:13,3.334
2025-12-01 04:19:14,3.334
2025-12-01 04:19:15,3.335
2025-12-01 04:19:16,3.335
2025-12-01 04:19:17,3.335
2025-12-01 04:19:18,3.334
2025-12-01 04:19:19,3.335
2025-12-01 04:19:20,3.334
2025-12-01 04:19:21,3.335
2025-12-01 04:19:22,3.335
2025-12-01 04:19:23,3.335
2025-12-01 04:19:24,3.335
2025-12-01 04:19:25,3.333
2025-12-01 04:19:26,3.334
2025-12-01 04:19:27,3.333
2025-12-01 04:19:28,3.334
2025-12-01 04:19:29,3.334
2025-12-01 04:19:30,3.334
2025-12-01 04:19:31,3.333
2025-12-01 04:19:32,3.334
2025-12-01 04:19:33,3.335
2025-12-01 04:19:34,3.334
2025-12-01 04:19:35,3.335
2025-12-01 04:19:36,3.333
2025-12-01 04:19:37,3.335
2025-12-01 04:19:38,3.334
2025-12-01 04:19:39,3.335
2025-12-01 04:19:40,3.335
2025-12-01 04:19:41,3.334
2025-12-01 04:19:42,3.335
2025-12-01 04:19:43,3.334
2025-12-01 04:19:44,3.334
2025-12-01 04:19:45,3.334
2025-12-01 04:19:46,3.334
2025-12-01 04:19:47,3.335
2025-12-01 04:19:48,3.335
2025-12-01 04:19:49,3.333
2025-12-01 04:19:50,3.334
2025-12-01 04:19:51,3.334
2025-12-01 04:19:52,3.335
2025-12-01 04:19:53,3.333
2025-12-01 04:19:54,3.334
2025-12-01 04:19:55,3.334
2025-12-01 04:19:56,3.334
2025-12-01 04:19:57,3.335
2025-12-01 04:19:58,3.335
2025-12-01 04:19:59,3.334
2025-12-01 04:20:00,3.335
2025-12-01 04:20:01,3.335
2025-12-01 04:20:02,3.333
2025-12-01 04:20:03,3.334
2025-12-01 04:20:04,3.335
2025-12-01 04:20:05,3.333
2025-12-01 04:20:06,3.333
2025-12-01 04:20:07,3.334
2025-12-01 04:20:08,3.334
2025-12-01 04:20:09,3.335
2025-12-01 04:20:10,3.334
2025-12-01 04:20:11,3.334
2025-12-01 04:20:12,3.335
2025-12-01 04:20:13,3.335
2025-12-01 04:20:14,3.335
2025-12-01 04:20:15,3.334
2025-12-01 04:20:16,3.335
2025-12-01 04:20:17,3.334
2025-12-01 04:20:18,3.333
2025-12-01 04:20:19,3.334
2025-12-01 04:20:20,3.335
2025-12-01 04:20:21,3.335
2025-12-01 04:20:22,3.335
2025-12-01 04:20:23,3.335
2025-12-01 04:20:24,3.334
2025-12-01 04:20:25,3.335
2025-12-01 04:20:26,3.334
2025-12-01 04:20:27,3.334
2025-12-01 04:20:28,3.334
2025-12-01 04:20:29,3.334
2025-12-01 04:20:30,3.335
2025-12-01 04:20:31,3.335
2025-12-01 04:20:32,3.334
2025-12-01 04:20:33,3.333
2025-12-01 04:20:34,3.334
2025-12-01 04:20:35,3.334
2025-12-01 04:20:36,3.335
2025-12-01 04:20:37,3.334
2025-12-01 04:20:38,3.334
2025-12-01 04:20:39,3.334
2025-12-01 04:20:40,3.334
2025-12-01 04:20:41,3.334
2025-12-01 04:20:42,3.334
2025-12-01 04:20:43,3.334
2025-12-01 04:20:44,3.334
2025-12-01 04:20:45,3.334
2025-12-01 04:20:46,3.334
2025-12-01 04:20:47,3.334
2025-12-01 04:20:48,3.334
2025-12-01 04:20:49,3.334
2025-12-01 04:20:50,3.335
2025-12-01 04:20:51,3.334
2025-12-01 04:20:52,3.335
2025-12-01 04:20:53,3.335
2025-12-01 04:20:54,3.335
2025-12-01 04:20:55,3.335
2025-12-01 04:20:56,3.335
2025-12-01 04:20:57,3.334
2025-12-01 04:20:58,3.334
2025-12-01 04:20:59,3.335
2025-12-01 04:21:00,3.334
2025-12-01 04:21:01,3.334
2025-12-01 04:21:02,3.335
2025-12-01 04:21:03,3.335
2025-12-01 04:21:04,3.333
2025-12-01 04:21:05,3.334
2025-12-01 04:21:06,3.334
2025-12-01 04:21:07,3.335
2025-12-01 04:21:08,3.335
2025-12-01 04:21:09,3.335
2025-12-01 04:21:10,3.334
2025-12-01 04:21:11,3.334
2025-12-01 04:21:12,3.334
2025-12-01 04:21:13,3.334
2025-12-01 04:21:14,3.334
2025-12-01 04:21:15,3.334
2025-12-01 04:21:16,3.335
2025-12-01 04:21:17,3.334
2025-12-01 04:21:18,3.334
2025-12-01 04:21:19,3.335
2025-12-01 04:21:20,3.334
2025-12-01 04:21:21,3.334
2025-12-01 04:21:22,3.334
2025-12-01 04:21:23,3.335
2025-12-01 04:21:24,3.334
2025-12-01 04:21:25,3.334
2025-12-01 04:21:26,3.334
2025-12-01 04:21:27,3.334
2025-12-01 04:21:28,3.334
2025-12-01 04:21:29,3.335
2025-12-01 04:21:30,3.334
2025-12-01 04:21:31,3.333
2025-12-01 04:21:32,3.334
2025-12-01 04:21:33,3.333
2025-12-01 04:21:34,3.335
2025-12-01 04:21:35,3.334
2025-12-01 04:21:36,3.334
2025-12-01 04:21:37,3.334
2025-12-01 04:21:38,3.335
2025-12-01 04:21:39,3.334
2025-12-01 04:21:40,3.335
2025-12-01 04:21:41,3.335
2025-12-01 04:21:42,3.334
2025-12-01 04:21:43,3.334
2025-12-01 04:21:44,3.334
2025-12-01 04:21:45,3.334
2025-12-01 04:21:46,3.334
2025-12-01 04:21:47,3.333
2025-12-01 04:21:48,3.334
2025-12-01 04:21:49,3.334
2025-12-01 04:21:50,3.336
2025-12-01 04:21:51,3.334
2025-12-01 04:21:52,3.335
2025-12-01 04:21:53,3.334
2025-12-01 04:21:54,3.334
2025-12-01 04:21:55,3.334
2025-12-01 04:21:56,3.334
2025-12-01 04:21:57,3.335
2025-12-01 04:21:58,3.334
2025-12-01 04:21:59,3.334
2025-12-01 04:22:00,3.334
2025-12-01 04:22:01,3.334
2025-12-01 04:22:02,3.334
2025-12-01 04:22:03,3.334
2025-12-01 04:22:04,3.335
2025-12-01 04:22:05,3.334
2025-12-01 04:22:06,3.334
2025-12-01 04:22:07,3.334
2025-12-01 04:22:08,3.334
2025-12-01 04:22:09,3.334
2025-12-01 04:22:10,3.335
2025-12-01 04:22:11,3.334
2025-12-01 04:22:12,3.335
2025-12-01 04:22:13,3.334
2025-12-01 04:22:14,3.334
2025-12-01 04:22:15,3.334
2025-12-01 04:22:16,3.333
2025-12-01 04:22:17,3.334
2025-12-01 04:22:18,3.334
2025-12-01 04:22:19,3.334
2025-12-01 04:22:20,3.334
2025-12-01 04:22:21,3.335
2025-12-01 04:22:22,3.333
2025-12-01 04:22:23,3.335
2025-12-01 04:22:24,3.334
2025-12-01 04:22:25,3.334
2025-12-01 04:22:26,3.335
2025-12-01 04:22:27,3.334
2025-12-01 04:22:28,3.335
2025-12-01 04:22:29,3.334
2025-12-01 04:22:30,3.334
2025-12-01 04:22:31,3.334
2025-12-01 04:22:32,3.334
2025-12-01 04:22:33,3.335
2025-12-01 04:22:34,3.335
2025-12-01 04:22:35,3.334
2025-12-01 04:22:36,3.334
2025-12-01 04:22:37,3.335
2025-12-01 04:22:38,3.335
2025-12-01 04:22:39,3.334
2025-12-01 04:22:40,3.335
2025-12-01 04:22:41,3.334
2025-12-01 04:22:42,3.336
2025-12-01 04:22:43,3.335
2025-12-01 04:22:44,3.334
2025-12-01 04:22:45,3.334
2025-12-01 04:22:46,3.335
2025-12-01 04:22:47,3.334
2025-12-01 04:22:48,3.335
2025-12-01 04:22:49,3.334
2025-12-01 04:22:50,3.334
2025-12-01 04:22:51,3.335
2025-12-01 04:22:52,3.334
2025-12-01 04:22:53,3.334
2025-12-01 04:22:54,3.335
2025-12-01 04:22:55,3.335
2025-12-01 04:22:56,3.334
2025-12-01 04:22:57,3.335
2025-12-01 04:22:58,3.335
2025-12-01 04:22:59,3.335
2025-12-01 04:23:00,3.335
2025-12-01 04:23:01,3.335
2025-12-01 04:23:02,3.334
2025-12-01 04:23:03,3.335
2025-12-01 04:23:04,3.334
2025-12-01 04:23:05,3.334
2025-12-01 04:23:06,3.334
2025-12-01 04:23:07,3.334
2025-12-01 04:23:08,3.334
2025-12-01 04:23:09,3.334
2025-12-01 04:23:10,3.335
2025-12-01 04:23:11,3.334
2025-12-01 04:23:12,3.334
2025-12-01 04:23:13,3.335
2025-12-01 04:23:14,3.334
2025-12-01 04:23:15,3.333
2025-12-01 04:23:16,3.335
2025-12-01 04:23:17,3.334
2025-12-01 04:23:18,3.335
2025-12-01 04:23:19,3.334
2025-12-01 04:23:20,3.334
2025-12-01 04:23:21,3.334
2025-12-01 04:23:22,3.334
2025-12-01 04:23:23,3.334
2025-12-01 04:23:24,3.334
2025-12-01 04:23:25,3.333
2025-12-01 04:23:26,3.334
2025-12-01 04:23:27,3.334
2025-12-01 04:23:28,3.335
2025-12-01 04:23:29,3.333
2025-12-01 04:23:30,3.334
2025-12-01 04:23:31,3.335
2025-12-01 04:23:32,3.334
2025-12-01 04:23:33,3.334
2025-12-01 04:23:34,3.334
2025-12-01 04:23:35,3.334
2025-12-01 04:23:36,3.335
2025-12-01 04:23:37,3.335
2025-12-01 04:23:38,3.334
2025-12-01 04:23:39,3.334
2025-12-01 04:23:40,3.333
2025-12-01 04:23:41,3.334
2025-12-01 04:23:42,3.333
2025-12-01 04:23:43,3.334
2025-12-01 04:23:44,3.334
2025-12-01 04:23:45,3.334
2025-12-01 04:23:46,3.334
2025-12-01 04:23:47,3.334
2025-12-01 04:23:48,3.334
2025-12-01 04:23:49,3.334
2025-12-01 04:23:50,3.334
2025-12-01 04:23:51,3.333
2025-12-01 04:23:52,3.334
2025-12-01 04:23:53,3.334
2025-12-01 04:23:54,3.335
2025-12-01 04:23:55,3.335
2025-12-01 04:23:56,3.335
2025-12-01 04:23:57,3.335
2025-12-01 04:23:58,3.334
2025-12-01 04:23:59,3.335
2025-12-01 04:24:00,3.334
2025-12-01 04:24:01,3.334
2025-12-01 04:24:02,3.334
2025-12-01 04:24:03,3.335
2025-12-01 04:24:04,3.334
2025-12-01 04:24:05,3.335
2025-12-01 04:24:06,3.335
2025-12-01 04:24:07,3.334
2025-12-01 04:24:08,3.335
2025-12-01 04:24:09,3.335
2025-12-01 04:24:10,3.334
2025-12-01 04:24:11,3.334
2025-12-01 04:24:12,3.334
2025-12-01 04:24:13,3.335
2025-12-01 04:24:14,3.335
2025-12-01 04:24:15,3.335
2025-12-01 04:24:16,3.334
2025-12-01 04:24:17,3.334
2025-12-01 04:24:18,3.333
2025-12-01 04:24:19,3.334
2025-12-01 04:24:20,3.334
2025-12-01 04:24:21,3.334
2025-12-01 04:24:22,3.334
2025-12-01 04:24:23,3.334
2025-12-01 04:24:24,3.334
2025-12-01 04:24:25,3.334
2025-12-01 04:24:26,3.334
2025-12-01 04:24:27,3.334
2025-12-01 04:24:28,3.333
2025-12-01 04:24:29,3.334
2025-12-01 04:24:30,3.334
2025-12-01 04:24:31,3.335
2025-12-01 04:24:32,3.334
2025-12-01 04:24:33,3.335
2025-12-01 04:24:34,3.334
2025-12-01 04:24:35,3.334
2025-12-01 04:24:36,3.334
2025-12-01 04:24:37,3.334
2025-12-01 04:24:38,3.335
2025-12-01 04:24:39,3.334
2025-12-01 04:24:40,3.334
2025-12-01 04:24:41,3.335
2025-12-01 04:24:42,3.335
2025-12-01 04:24:43,3.334
2025-12-01 04:24:44,3.335
2025-12-01 04:24:45,3.334
2025-12-01 04:24:46,3.336
2025-12-01 04:24:47,3.334
2025-12-01 04:24:48,3.334
2025-12-01 04:24:49,3.334
2025-12-01 04:24:50,3.335
2025-12-01 04:24:51,3.334
2025-12-01 04:24:52,3.334
2025-12-01 04:24:53,3.335
2025-12-01 04:24:54,3.335
2025-12-01 04:24:55,3.334
2025-12-01 04:24:56,3.334
2025-12-01 04:24:57,3.334
2025-12-01 04:24:58,3.334
2025-12-01 04:24:59,3.334
2025-12-01 04:25:00,3.335
2025-12-01 04:25:01,3.334
2025-12-01 04:25:02,3.335
2025-12-01 04:25:03,3.335
2025-12-01 04:25:04,3.334
2025-12-01 04:25:05,3.334
2025-12-01 04:25:06,3.335
2025-12-01 04:25:07,3.334
2025-12-01 04:25:08,3.334
2025-12-01 04:25:09,3.334
2025-12-01 04:25:10,3.334
2025-12-01 04:25:11,3.335
2025-12-01 04:25:12,3.334
2025-12-01 04:25:13,3.335
2025-12-01 04:25:14,3.334
2025-12-01 04:25:15,3.334
2025-12-01 04:25:16,3.335
2025-12-01 04:25:17,3.335
2025-12-01 04:25:18,3.334
2025-12-01 04:25:19,3.334
2025-12-01 04:25:20,3.334
2025-12-01 04:25:21,3.334
2025-12-01 04:25:22,3.334
2025-12-01 04:25:23,3.334
2025-12-01 04:25:24,3.334
2025-12-01 04:25:25,3.334
2025-12-01 04:25:26,3.334
2025-12-01 04:25:27,3.334
2025-12-01 04:25:28,3.334
2025-12-01 04:25:29,3.334
2025-12-01 04:25:30,3.335
2025-12-01 04:25:31,3.333
2025-12-01 04:25:32,3.334
2025-12-01 04:25:33,3.334
2025-12-01 04:25:34,3.335
2025-12-01 04:25:35,3.334
2025-12-01 04:25:36,3.335
2025-12-01 04:25:37,3.335
2025-12-01 04:25:38,3.334
2025-12-01 04:25:39,3.335
2025-12-01 04:25:40,3.334
2025-12-01 04:25:41,3.335
2025-12-01 04:25:42,3.334
2025-12-01 04:25:43,3.334
2025-12-01 04:25:44,3.335
2025-12-01 04:25:45,3.334
2025-12-01 04:25:46,3.335
2025-12-01 04:25:47,3.334
2025-12-01 04:25:48,3.334
2025-12-01 04:25:49,3.335
2025-12-01 04:25:50,3.334
2025-12-01 04:25:51,3.334
2025-12-01 04:25:52,3.334
2025-12-01 04:25:53,3.334
2025-12-01 04:25:54,3.333
2025-12-01 04:25:55,3.335
2025-12-01 04:25:56,3.334
2025-12-01 04:25:57,3.334
2025-12-01 04:25:58,3.334
2025-12-01 04:25:59,3.335
2025-12-01 04:26:00,3.335
2025-12-01 04:26:01,3.333
2025-12-01 04:26:02,3.334
2025-12-01 04:26:03,3.334
2025-12-01 04:26:04,3.334
2025-12-01 04:26:05,3.335
2025-12-01 04:26:06,3.334
2025-12-01 04:26:07,3.334
2025-12-01 04:26:08,3.334
2025-12-01 04:26:09,3.333
2025-12-01 04:26:10,3.334
2025-12-01 04:26:11,3.333
2025-12-01 04:26:12,3.334
2025-12-01 04:26:13,3.334
2025-12-01 04:26:14,3.334
2025-12-01 04:26:15,3.334
2025-12-01 04:26:16,3.334
2025-12-01 04:26:17,3.334
2025-12-01 04:26:18,3.334
2025-12-01 04:26:19,3.333
2025-12-01 04:26:20,3.335
2025-12-01 04:26:21,3.334
2025-12-01 04:26:22,3.333
2025-12-01 04:26:23,3.334
2025-12-01 04:26:24,3.334
2025-12-01 04:26:25,3.334
2025-12-01 04:26:26,3.334
2025-12-01 04:26:27,3.334
2025-12-01 04:26:28,3.335
2025-12-01 04:26:29,3.334
2025-12-01 04:26:30,3.334
2025-12-01 04:26:31,3.335
2025-12-01 04:26:32,3.335
2025-12-01 04:26:33,3.335
2025-12-01 04:26:34,3.335
2025-12-01 04:26:35,3.334
2025-12-01 04:26:36,3.334
2025-12-01 04:26:37,3.334
2025-12-01 04:26:38,3.334
2025-12-01 04:26:39,3.334
2025-12-01 04:26:40,3.334
2025-12-01 04:26:41,3.334
2025-12-01 04:26:42,3.334
2025-12-01 04:26:43,3.334
2025-12-01 04:26:44,3.335
2025-12-01 04:26:45,3.335
2025-12-01 04:26:46,3.334
2025-12-01 04:26:47,3.334
2025-12-01 04:26:48,3.333
2025-12-01 04:26:49,3.336
2025-12-01 04:26:50,3.334
2025-12-01 04:26:51,3.334
2025-12-01 04:26:52,3.335
2025-12-01 04:26:53,3.334
2025-12-01 04:26:54,3.335
2025-12-01 04:26:55,3.334
2025-12-01 04:26:56,3.334
2025-12-01 04:26:57,3.334
2025-12-01 04:26:58,3.335
2025-12-01 04:26:59,3.333
2025-12-01 04:27:00,3.334
2025-12-01 04:27:01,3.335
2025-12-01 04:27:02,3.335
2025-12-01 04:27:03,3.335
2025-12-01 04:27:04,3.333
2025-12-01 04:27:05,3.334
2025-12-01 04:27:06,3.334
2025-12-01 04:27:07,3.335
2025-12-01 04:27:08,3.334
2025-12-01 04:27:09,3.334
2025-12-01 04:27:10,3.334
2025-12-01 04:27:11,3.335
2025-12-01 04:27:12,3.334
2025-12-01 04:27:13,3.335
2025-12-01 04:27:14,3.334
2025-12-01 04:27:15,3.334
2025-12-01 04:27:16,3.335
2025-12-01 04:27:17,3.334
2025-12-01 04:27:18,3.335
2025-12-01 04:27:19,3.335
2025-12-01 04:27:20,3.334
2025-12-01 04:27:21,3.334
2025-12-01 04:27:22,3.334
2025-12-01 04:27:23,3.335
2025-12-01 04:27:24,3.334
2025-12-01 04:27:25,3.334
2025-12-01 04:27:26,3.334
2025-12-01 04:27:27,3.334
2025-12-01 04:27:28,3.335
2025-12-01 04:27:29,3.334
2025-12-01 04:27:30,3.335
2025-12-01 04:27:31,3.334
2025-12-01 04:27:32,3.334
2025-12-01 04:27:33,3.334
2025-12-01 04:27:34,3.334
2025-12-01 04:27:35,3.335
2025-12-01 04:27:36,3.335
2025-12-01 04:27:37,3.334
2025-12-01 04:27:38,3.334
2025-12-01 04:27:39,3.334
2025-12-01 04:27:40,3.334
2025-12-01 04:27:41,3.335
2025-12-01 04:27:42,3.333
2025-12-01 04:27:43,3.334
2025-12-01 04:27:44,3.334
2025-12-01 04:27:45,3.334
2025-12-01 04:27:46,3.335
2025-12-01 04:27:47,3.335
2025-12-01 04:27:48,3.333
2025-12-01 04:27:49,3.334
2025-12-01 04:27:50,3.335
2025-12-01 04:27:51,3.333
2025-12-01 04:27:52,3.335
2025-12-01 04:27:53,3.334
2025-12-01 04:27:54,3.334
2025-12-01 04:27:55,3.334
2025-12-01 04:27:56,3.334
2025-12-01 04:27:57,3.334
2025-12-01 04:27:58,3.334
2025-12-01 04:27:59,3.335
2025-12-01 04:28:00,3.335
2025-12-01 04:28:01,3.333
2025-12-01 04:28:02,3.336
2025-12-01 04:28:03,3.334
2025-12-01 04:28:04,3.334
2025-12-01 04:28:05,3.334
2025-12-01 04:28:06,3.334
2025-12-01 04:28:07,3.336
2025-12-01 04:28:08,3.335
2025-12-01 04:28:09,3.334
2025-12-01 04:28:10,3.334
2025-12-01 04:28:11,3.334
2025-12-01 04:28:12,3.334
2025-12-01 04:28:13,3.335
2025-12-01 04:28:14,3.333
2025-12-01 04:28:15,3.335
2025-12-01 04:28:16,3.334
2025-12-01 04:28:17,3.334
2025-12-01 04:28:18,3.335
2025-12-01 04:28:19,3.335
2025-12-01 04:28:20,3.334
2025-12-01 04:28:21,3.335
2025-12-01 04:28:22,3.334
2025-12-01 04:28:23,3.335
2025-12-01 04:28:24,3.334
2025-12-01 04:28:25,3.335
2025-12-01 04:28:26,3.335
2025-12-01 04:28:27,3.335
2025-12-01 04:28:28,3.334
2025-12-01 04:28:29,3.334
2025-12-01 04:28:30,3.335
2025-12-01 04:28:31,3.333
2025-12-01 04:28:32,3.334
2025-12-01 04:28:33,3.335
2025-12-01 04:28:34,3.334
2025-12-01 04:28:35,3.333
2025-12-01 04:28:36,3.334
2025-12-01 04:28:37,3.334
2025-12-01 04:28:38,3.334
2025-12-01 04:28:39,3.335
2025-12-01 04:28:40,3.334
2025-12-01 04:28:41,3.334
2025-12-01 04:28:42,3.335
2025-12-01 04:28:43,3.334
2025-12-01 04:28:44,3.334
2025-12-01 04:28:45,3.334
2025-12-01 04:28:46,3.335
2025-12-01 04:28:47,3.334
2025-12-01 04:28:48,3.335
2025-12-01 04:28:49,3.334
2025-12-01 04:28:50,3.334
2025-12-01 04:28:51,3.334
2025-12-01 04:28:52,3.334
2025-12-01 04:28:53,3.335
2025-12-01 04:28:54,3.334
2025-12-01 04:28:55,3.333
2025-12-01 04:28:56,3.334
2025-12-01 04:28:57,3.335
2025-12-01 04:28:58,3.334
2025-12-01 04:28:59,3.334
2025-12-01 04:29:00,3.334
2025-12-01 04:29:01,3.334
2025-12-01 04:29:02,3.334
2025-12-01 04:29:03,3.334
2025-12-01 04:29:04,3.334
2025-12-01 04:29:05,3.335
2025-12-01 04:29:06,3.334
2025-12-01 04:29:07,3.335
2025-12-01 04:29:08,3.334
2025-12-01 04:29:09,3.335
2025-12-01 04:29:10,3.334
2025-12-01 04:29:11,3.334
2025-12-01 04:29:12,3.335
2025-12-01 04:29:13,3.335
2025-12-01 04:29:14,3.334
2025-12-01 04:29:15,3.334
2025-12-01 04:29:16,3.334
2025-12-01 04:29:17,3.334
2025-12-01 04:29:18,3.334
2025-12-01 04:29:19,3.334
2025-12-01 04:29:20,3.334
2025-12-01 04:29:21,3.334
2025-12-01 04:29:22,3.334
2025-12-01 04:29:23,3.335
2025-12-01 04:29:24,3.334
2025-12-01 04:29:25,3.334
2025-12-01 04:29:26,3.335
2025-12-01 04:29:27,3.335
2025-12-01 04:29:28,3.334
2025-12-01 04:29:29,3.334
2025-12-01 04:29:30,3.334
2025-12-01 04:29:31,3.335
2025-12-01 04:29:32,3.334
2025-12-01 04:29:33,3.335
2025-12-01 04:29:34,3.334
2025-12-01 04:29:35,3.334
2025-12-01 04:29:36,3.334
2025-12-01 04:29:37,3.335
2025-12-01 04:29:38,3.335
2025-12-01 04:29:39,3.334
2025-12-01 04:29:40,3.335
2025-12-01 04:29:41,3.334
2025-12-01 04:29:42,3.335
2025-12-01 04:29:43,3.334
2025-12-01 04:29:44,3.334
2025-12-01 04:29:45,3.335
2025-12-01 04:29:46,3.334
2025-12-01 04:29:47,3.334
2025-12-01 04:29:48,3.334
2025-12-01 04:29:49,3.334
2025-12-01 04:29:50,3.334
2025-12-01 04:29:51,3.334
2025-12-01 04:29:52,3.334
2025-12-01 04:29:53,3.335
2025-12-01 04:29:54,3.335
2025-12-01 04:29:55,3.335
2025-12-01 04:29:56,3.334
2025-12-01 04:29:57,3.335
2025-12-01 04:29:58,3.334
2025-12-01 04:29:59,3.334
2025-12-01 04:30:00,3.334
2025-12-01 04:30:01,3.334
2025-12-01 04:30:02,3.335
2025-12-01 04:30:03,3.334
2025-12-01 04:30:04,3.334
2025-12-01 04:30:05,3.334
2025-12-01 04:30:06,3.334
2025-12-01 04:30:07,3.335
2025-12-01 04:30:08,3.335
2025-12-01 04:30:09,3.334
2025-12-01 04:30:10,3.333
2025-12-01 04:30:11,3.334
2025-12-01 04:30:12,3.335
2025-12-01 04:30:13,3.335
2025-12-01 04:30:14,3.335
2025-12-01 04:30:15,3.334
2025-12-01 04:30:16,3.333
2025-12-01 04:30:17,3.334
2025-12-01 04:30:18,3.334
2025-12-01 04:30:19,3.334
2025-12-01 04:30:20,3.334
2025-12-01 04:30:21,3.334
2025-12-01 04:30:22,3.334
2025-12-01 04:30:23,3.334
2025-12-01 04:30:24,3.334
2025-12-01 04:30:25,3.333
2025-12-01 04:30:26,3.334
2025-12-01 04:30:27,3.334
2025-12-01 04:30:28,3.334
2025-12-01 04:30:29,3.334
2025-12-01 04:30:30,3.335
2025-12-01 04:30:31,3.335
2025-12-01 04:30:32,3.334
2025-12-01 04:30:33,3.334
2025-12-01 04:30:34,3.334
2025-12-01 04:30:35,3.334
2025-12-01 04:30:36,3.335
2025-12-01 04:30:37,3.334
2025-12-01 04:30:38,3.334
2025-12-01 04:30:39,3.335
2025-12-01 04:30:40,3.333
2025-12-01 04:30:41,3.334
2025-12-01 04:30:42,3.335
2025-12-01 04:30:43,3.334
2025-12-01 04:30:44,3.334
2025-12-01 04:30:45,3.334
2025-12-01 04:30:46,3.334
2025-12-01 04:30:47,3.334
2025-12-01 04:30:48,3.334
2025-12-01 04:30:49,3.333
2025-12-01 04:30:50,3.334
2025-12-01 04:30:51,3.334
2025-12-01 04:30:52,3.334
2025-12-01 04:30:53,3.334
2025-12-01 04:30:54,3.335
2025-12-01 04:30:55,3.335
2025-12-01 04:30:56,3.335
2025-12-01 04:30:57,3.335
2025-12-01 04:30:58,3.334
2025-12-01 04:30:59,3.334
2025-12-01 04:31:00,3.333
2025-12-01 04:31:01,3.334
2025-12-01 04:31:02,3.334
2025-12-01 04:31:03,3.334
2025-12-01 04:31:04,3.334
2025-12-01 04:31:05,3.334
2025-12-01 04:31:06,3.334
2025-12-01 04:31:07,3.333
2025-12-01 04:31:08,3.334
2025-12-01 04:31:09,3.334
2025-12-01 04:31:10,3.335
2025-12-01 04:31:11,3.334
2025-12-01 04:31:12,3.334
2025-12-01 04:31:13,3.335
2025-12-01 04:31:14,3.335
2025-12-01 04:31:15,3.334
2025-12-01 04:31:16,3.335
2025-12-01 04:31:17,3.334
2025-12-01 04:31:18,3.334
2025-12-01 04:31:19,3.335
2025-12-01 04:31:20,3.336
2025-12-01 04:31:21,3.333
2025-12-01 04:31:22,3.334
2025-12-01 04:31:23,3.334
2025-12-01 04:31:24,3.335
2025-12-01 04:31:25,3.334
2025-12-01 04:31:26,3.334
2025-12-01 04:31:27,3.334
2025-12-01 04:31:28,3.334
2025-12-01 04:31:29,3.335
2025-12-01 04:31:30,3.334
2025-12-01 04:31:31,3.335
2025-12-01 04:31:32,3.333
2025-12-01 04:31:33,3.334
2025-12-01 04:31:34,3.334
2025-12-01 04:31:35,3.334
2025-12-01 04:31:36,3.335
2025-12-01 04:31:37,3.334
2025-12-01 04:31:38,3.334
2025-12-01 04:31:39,3.334
2025-12-01 04:31:40,3.334
2025-12-01 04:31:41,3.334
2025-12-01 04:31:42,3.334
2025-12-01 04:31:43,3.333
2025-12-01 04:31:44,3.334
2025-12-01 04:31:45,3.335
2025-12-01 04:31:46,3.334
2025-12-01 04:31:47,3.335
2025-12-01 04:31:48,3.334
2025-12-01 04:31:49,3.334
2025-12-01 04:31:50,3.334
2025-12-01 04:31:51,3.334
2025-12-01 04:31:52,3.334
2025-12-01 04:31:53,3.334
2025-12-01 04:31:54,3.335
2025-12-01 04:31:55,3.334
2025-12-01 04:31:56,3.335
2025-12-01 04:31:57,3.335
2025-12-01 04:31:58,3.334
2025-12-01 04:31:59,3.334
2025-12-01 04:32:00,3.335
2025-12-01 04:32:01,3.335
2025-12-01 04:32:02,3.334
2025-12-01 04:32:03,3.334
2025-12-01 04:32:04,3.334
2025-12-01 04:32:05,3.334
2025-12-01 04:32:06,3.335
2025-12-01 04:32:07,3.334
2025-12-01 04:32:08,3.334
2025-12-01 04:32:09,3.333
2025-12-01 04:32:10,3.335
2025-12-01 04:32:11,3.335
2025-12-01 04:32:12,3.335
2025-12-01 04:32:13,3.335
2025-12-01 04:32:14,3.334
2025-12-01 04:32:15,3.333
2025-12-01 04:32:16,3.334
2025-12-01 04:32:17,3.334
2025-12-01 04:32:18,3.334
2025-12-01 04:32:19,3.335
2025-12-01 04:32:20,3.334
2025-12-01 04:32:21,3.333
2025-12-01 04:32:22,3.333
2025-12-01 04:32:23,3.334
2025-12-01 04:32:24,3.334
2025-12-01 04:32:25,3.334
2025-12-01 04:32:26,3.335
2025-12-01 04:32:27,3.334
2025-12-01 04:32:28,3.334
2025-12-01 04:32:29,3.334
2025-12-01 04:32:30,3.334
2025-12-01 04:32:31,3.334
2025-12-01 04:32:32,3.334
2025-12-01 04:32:33,3.335
2025-12-01 04:32:34,3.335
2025-12-01 04:32:35,3.334
2025-12-01 04:32:36,3.334
2025-12-01 04:32:37,3.335
2025-12-01 04:32:38,3.333
2025-12-01 04:32:39,3.334
2025-12-01 04:32:40,3.335
2025-12-01 04:32:41,3.335
2025-12-01 04:32:42,3.335
2025-12-01 04:32:43,3.334
2025-12-01 04:32:44,3.334
2025-12-01 04:32:45,3.334
2025-12-01 04:32:46,3.334
2025-12-01 04:32:47,3.333
2025-12-01 04:32:48,3.334
2025-12-01 04:32:49,3.336
2025-12-01 04:32:50,3.334
2025-12-01 04:32:51,3.334
2025-12-01 04:32:52,3.334
2025-12-01 04:32:53,3.335
2025-12-01 04:32:54,3.333
2025-12-01 04:32:55,3.334
2025-12-01 04:32:56,3.335
2025-12-01 04:32:57,3.335
2025-12-01 04:32:58,3.335
2025-12-01 04:32:59,3.334
2025-12-01 04:33:00,3.335
2025-12-01 04:33:01,3.334
2025-12-01 04:33:02,3.334
2025-12-01 04:33:03,3.335
2025-12-01 04:33:04,3.334
2025-12-01 04:33:05,3.335
2025-12-01 04:33:06,3.335
2025-12-01 04:33:07,3.334
2025-12-01 04:33:08,3.334
2025-12-01 04:33:09,3.334
2025-12-01 04:33:10,3.335
2025-12-01 04:33:11,3.334
2025-12-01 04:33:12,3.335
2025-12-01 04:33:13,3.334
2025-12-01 04:33:14,3.334
2025-12-01 04:33:15,3.334
2025-12-01 04:33:16,3.334
2025-12-01 04:33:17,3.334
2025-12-01 04:33:18,3.334
2025-12-01 04:33:19,3.334
2025-12-01 04:33:20,3.334
2025-12-01 04:33:21,3.334
2025-12-01 04:33:22,3.335
2025-12-01 04:33:23,3.335
2025-12-01 04:33:24,3.335
2025-12-01 04:33:25,3.335
2025-12-01 04:33:26,3.334
2025-12-01 04:33:27,3.335
2025-12-01 04:33:28,3.335
2025-12-01 04:33:29,3.334
2025-12-01 04:33:30,3.334
2025-12-01 04:33:31,3.334
2025-12-01 04:33:32,3.335
2025-12-01 04:33:33,3.335
2025-12-01 04:33:34,3.333
2025-12-01 04:33:35,3.335
2025-12-01 04:33:36,3.334
2025-12-01 04:33:37,3.334
2025-12-01 04:33:38,3.334
2025-12-01 04:33:39,3.334
2025-12-01 04:33:40,3.333
2025-12-01 04:33:41,3.333
2025-12-01 04:33:42,3.334
2025-12-01 04:33:43,3.334
2025-12-01 04:33:44,3.334
2025-12-01 04:33:45,3.334
2025-12-01 04:33:46,3.333
2025-12-01 04:33:47,3.335
2025-12-01 04:33:48,3.334
2025-12-01 04:33:49,3.334
2025-12-01 04:33:50,3.335
2025-12-01 04:33:51,3.334
2025-12-01 04:33:52,3.334
2025-12-01 04:33:53,3.334
2025-12-01 04:33:54,3.334
2025-12-01 04:33:55,3.334
2025-12-01 04:33:56,3.334
2025-12-01 04:33:57,3.335
2025-12-01 04:33:58,3.335
2025-12-01 04:33:59,3.335
2025-12-01 04:34:00,3.334
2025-12-01 04:34:01,3.334
2025-12-01 04:34:02,3.334
2025-12-01 04:34:03,3.334
2025-12-01 04:34:04,3.334
2025-12-01 04:34:05,3.334
2025-12-01 04:34:06,3.334
2025-12-01 04:34:07,3.335
2025-12-01 04:34:08,3.335
2025-12-01 04:34:09,3.333
2025-12-01 04:34:10,3.334
2025-12-01 04:34:11,3.335
2025-12-01 04:34:12,3.333
2025-12-01 04:34:13,3.335
2025-12-01 04:34:14,3.334
2025-12-01 04:34:15,3.334
2025-12-01 04:34:16,3.334
2025-12-01 04:34:17,3.334
2025-12-01 04:34:18,3.334
2025-12-01 04:34:19,3.334
2025-12-01 04:34:20,3.335
2025-12-01 04:34:21,3.334
2025-12-01 04:34:22,3.335
2025-12-01 04:34:23,3.333
2025-12-01 04:34:24,3.334
2025-12-01 04:34:25,3.333
2025-12-01 04:34:26,3.335
2025-12-01 04:34:27,3.335
2025-12-01 04:34:28,3.334
2025-12-01 04:34:29,3.334
2025-12-01 04:34:30,3.334
2025-12-01 04:34:31,3.334
2025-12-01 04:34:32,3.335
2025-12-01 04:34:33,3.334
2025-12-01 04:34:34,3.335
2025-12-01 04:34:35,3.334
2025-12-01 04:34:36,3.334
2025-12-01 04:34:37,3.334
2025-12-01 04:34:38,3.334
2025-12-01 04:34:39,3.334
2025-12-01 04:34:40,3.334
2025-12-01 04:34:41,3.335
2025-12-01 04:34:42,3.335
2025-12-01 04:34:43,3.335
2025-12-01 04:34:44,3.334
2025-12-01 04:34:45,3.335
2025-12-01 04:34:46,3.334
2025-12-01 04:34:47,3.334
2025-12-01 04:34:48,3.334
2025-12-01 04:34:49,3.335
2025-12-01 04:34:50,3.334
2025-12-01 04:34:51,3.334
2025-12-01 04:34:52,3.335
2025-12-01 04:34:53,3.335
2025-12-01 04:34:54,3.333
2025-12-01 04:34:55,3.335
2025-12-01 04:34:56,3.335
2025-12-01 04:34:57,3.333
2025-12-01 04:34:58,3.334
2025-12-01 04:34:59,3.334
2025-12-01 04:35:00,3.334
2025-12-01 04:35:01,3.334
2025-12-01 04:35:02,3.335
2025-12-01 04:35:03,3.334
2025-12-01 04:35:04,3.334
2025-12-01 04:35:05,3.334
2025-12-01 04:35:06,3.335
2025-12-01 04:35:07,3.334
2025-12-01 04:35:08,3.334
2025-12-01 04:35:09,3.334
2025-12-01 04:35:10,3.334
2025-12-01 04:35:11,3.334
2025-12-01 04:35:12,3.334
2025-12-01 04:35:13,3.334
2025-12-01 04:35:14,3.334
2025-12-01 04:35:15,3.334
2025-12-01 04:35:16,3.334
2025-12-01 04:35:17,3.335
2025-12-01 04:35:18,3.335
2025-12-01 04:35:19,3.335
2025-12-01 04:35:20,3.334
2025-12-01 04:35:21,3.335
2025-12-01 04:35:22,3.333
2025-12-01 04:35:23,3.334
2025-12-01 04:35:24,3.334
2025-12-01 04:35:25,3.334
2025-12-01 04:35:26,3.334
2025-12-01 04:35:27,3.334
2025-12-01 04:35:28,3.335
2025-12-01 04:35:29,3.334
2025-12-01 04:35:30,3.334
2025-12-01 04:35:31,3.334
2025-12-01 04:35:32,3.334
2025-12-01 04:35:33,3.334
2025-12-01 04:35:34,3.334
2025-12-01 04:35:35,3.334
2025-12-01 04:35:36,3.334
2025-12-01 04:35:37,3.334
2025-12-01 04:35:38,3.334
2025-12-01 04:35:39,3.334
2025-12-01 04:35:40,3.334
2025-12-01 04:35:41,3.334
2025-12-01 04:35:42,3.334
2025-12-01 04:35:43,3.334
2025-12-01 04:35:44,3.334
2025-12-01 04:35:45,3.334
2025-12-01 04:35:46,3.335
2025-12-01 04:35:47,3.334
2025-12-01 04:35:48,3.334
2025-12-01 04:35:49,3.335
2025-12-01 04:35:50,3.334
2025-12-01 04:35:51,3.335
2025-12-01 04:35:52,3.334
2025-12-01 04:35:53,3.334
2025-12-01 04:35:54,3.335
2025-12-01 04:35:55,3.334
2025-12-01 04:35:56,3.334
2025-12-01 04:35:57,3.334
2025-12-01 04:35:58,3.335
2025-12-01 04:35:59,3.335
2025-12-01 04:36:00,3.334
2025-12-01 04:36:01,3.334
2025-12-01 04:36:02,3.335
2025-12-01 04:36:03,3.334
2025-12-01 04:36:04,3.334
2025-12-01 04:36:05,3.334
2025-12-01 04:36:06,3.334
2025-12-01 04:36:07,3.334
2025-12-01 04:36:08,3.335
2025-12-01 04:36:09,3.333
2025-12-01 04:36:10,3.334
2025-12-01 04:36:11,3.334
2025-12-01 04:36:12,3.335
2025-12-01 04:36:13,3.334
2025-12-01 04:36:14,3.334
2025-12-01 04:36:15,3.334
2025-12-01 04:36:16,3.334
2025-12-01 04:36:17,3.334
2025-12-01 04:36:18,3.335
2025-12-01 04:36:19,3.333
2025-12-01 04:36:20,3.334
2025-12-01 04:36:21,3.334
2025-12-01 04:36:22,3.334
2025-12-01 04:36:23,3.335
2025-12-01 04:36:24,3.334
2025-12-01 04:36:25,3.333
2025-12-01 04:36:26,3.335
2025-12-01 04:36:27,3.335
2025-12-01 04:36:28,3.335
2025-12-01 04:36:29,3.335
2025-12-01 04:36:30,3.334
2025-12-01 04:36:31,3.334
2025-12-01 04:36:32,3.334
2025-12-01 04:36:33,3.334
2025-12-01 04:36:34,3.334
2025-12-01 04:36:35,3.334
2025-12-01 04:36:36,3.335
2025-12-01 04:36:37,3.335
2025-12-01 04:36:38,3.334
2025-12-01 04:36:39,3.334
2025-12-01 04:36:40,3.333
2025-12-01 04:36:41,3.334
2025-12-01 04:36:42,3.335
2025-12-01 04:36:43,3.335
2025-12-01 04:36:44,3.334
2025-12-01 04:36:45,3.334
2025-12-01 04:36:46,3.334
2025-12-01 04:36:47,3.334
2025-12-01 04:36:48,3.334
2025-12-01 04:36:49,3.335
2025-12-01 04:36:50,3.334
2025-12-01 04:36:51,3.334
2025-12-01 04:36:52,3.334
2025-12-01 04:36:53,3.335
2025-12-01 04:36:54,3.334
2025-12-01 04:36:55,3.334
2025-12-01 04:36:56,3.334
2025-12-01 04:36:57,3.334
2025-12-01 04:36:58,3.334
2025-12-01 04:36:59,3.334
2025-12-01 04:37:00,3.334
2025-12-01 04:37:01,3.334
2025-12-01 04:37:02,3.335
2025-12-01 04:37:03,3.335
2025-12-01 04:37:04,3.334
2025-12-01 04:37:05,3.334
2025-12-01 04:37:06,3.334
2025-12-01 04:37:07,3.335
2025-12-01 04:37:08,3.334
2025-12-01 04:37:09,3.334
2025-12-01 04:37:10,3.334
2025-12-01 04:37:11,3.333
2025-12-01 04:37:12,3.334
2025-12-01 04:37:13,3.335
2025-12-01 04:37:14,3.334
2025-12-01 04:37:15,3.335
2025-12-01 04:37:16,3.334
2025-12-01 04:37:17,3.335
2025-12-01 04:37:18,3.335
2025-12-01 04:37:19,3.335
2025-12-01 04:37:20,3.333
2025-12-01 04:37:21,3.334
2025-12-01 04:37:22,3.334
2025-12-01 04:37:23,3.334
2025-12-01 04:37:24,3.334
2025-12-01 04:37:25,3.335
2025-12-01 04:37:26,3.334
2025-12-01 04:37:27,3.334
2025-12-01 04:37:28,3.334
2025-12-01 04:37:29,3.335
2025-12-01 04:37:30,3.335
2025-12-01 04:37:31,3.334
2025-12-01 04:37:32,3.335
2025-12-01 04:37:33,3.334
2025-12-01 04:37:34,3.335
2025-12-01 04:37:35,3.334
2025-12-01 04:37:36,3.334
2025-12-01 04:37:37,3.334
2025-12-01 04:37:38,3.334
2025-12-01 04:37:39,3.334
2025-12-01 04:37:40,3.334
2025-12-01 04:37:41,3.335
2025-12-01 04:37:42,3.334
2025-12-01 04:37:43,3.335
2025-12-01 04:37:44,3.336
2025-12-01 04:37:45,3.334
2025-12-01 04:37:46,3.334
2025-12-01 04:37:47,3.334
2025-12-01 04:37:48,3.334
2025-12-01 04:37:49,3.335
2025-12-01 04:37:50,3.334
2025-12-01 04:37:51,3.334
2025-12-01 04:37:52,3.334
2025-12-01 04:37:53,3.334
2025-12-01 04:37:54,3.334
2025-12-01 04:37:55,3.334
2025-12-01 04:37:56,3.335
2025-12-01 04:37:57,3.334
2025-12-01 04:37:58,3.334
2025-12-01 04:37:59,3.334
2025-12-01 04:38:00,3.335
2025-12-01 04:38:01,3.334
2025-12-01 04:38:02,3.333
2025-12-01 04:38:03,3.334
2025-12-01 04:38:04,3.334
2025-12-01 04:38:05,3.334
2025-12-01 04:38:06,3.335
2025-12-01 04:38:07,3.334
2025-12-01 04:38:08,3.335
2025-12-01 04:38:09,3.335
2025-12-01 04:38:10,3.335
2025-12-01 04:38:11,3.334
2025-12-01 04:38:12,3.335
2025-12-01 04:38:13,3.334
2025-12-01 04:38:14,3.333
2025-12-01 04:38:15,3.334
2025-12-01 04:38:16,3.335
2025-12-01 04:38:17,3.335
2025-12-01 04:38:18,3.334
2025-12-01 04:38:19,3.335
2025-12-01 04:38:20,3.335
2025-12-01 04:38:21,3.335
2025-12-01 04:38:22,3.334
2025-12-01 04:38:23,3.334
2025-12-01 04:38:24,3.334
2025-12-01 04:38:25,3.334
2025-12-01 04:38:26,3.334
2025-12-01 04:38:27,3.334
2025-12-01 04:38:28,3.334
2025-12-01 04:38:29,3.335
2025-12-01 04:38:30,3.334
2025-12-01 04:38:31,3.335
2025-12-01 04:38:32,3.334
2025-12-01 04:38:33,3.335
2025-12-01 04:38:34,3.334
2025-12-01 04:38:35,3.334
2025-12-01 04:38:36,3.334
2025-12-01 04:38:37,3.334
2025-12-01 04:38:38,3.335
2025-12-01 04:38:39,3.335
2025-12-01 04:38:40,3.335
2025-12-01 04:38:41,3.334
2025-12-01 04:38:42,3.334
2025-12-01 04:38:43,3.334
2025-12-01 04:38:44,3.334
2025-12-01 04:38:45,3.334
2025-12-01 04:38:46,3.334
2025-12-01 04:38:47,3.334
2025-12-01 04:38:48,3.335
2025-12-01 04:38:49,3.335
2025-12-01 04:38:50,3.334
2025-12-01 04:38:51,3.335
2025-12-01 04:38:52,3.334
2025-12-01 04:38:53,3.334
2025-12-01 04:38:54,3.335
2025-12-01 04:38:55,3.334
2025-12-01 04:38:56,3.334
2025-12-01 04:38:57,3.335
2025-12-01 04:38:58,3.335
2025-12-01 04:38:59,3.334
2025-12-01 04:39:00,3.334
2025-12-01 04:39:01,3.334
2025-12-01 04:39:02,3.335
2025-12-01 04:39:03,3.334
2025-12-01 04:39:04,3.334
2025-12-01 04:39:05,3.334
2025-12-01 04:39:06,3.334
2025-12-01 04:39:07,3.334
2025-12-01 04:39:08,3.334
2025-12-01 04:39:09,3.334
2025-12-01 04:39:10,3.334
2025-12-01 04:39:11,3.335
2025-12-01 04:39:12,3.334
2025-12-01 04:39:13,3.334
2025-12-01 04:39:14,3.334
2025-12-01 04:39:15,3.334
2025-12-01 04:39:16,3.334
2025-12-01 04:39:17,3.335
2025-12-01 04:39:18,3.334
2025-12-01 04:39:19,3.334
2025-12-01 04:39:20,3.334
2025-12-01 04:39:21,3.334
2025-12-01 04:39:22,3.334
2025-12-01 04:39:23,3.335
2025-12-01 04:39:24,3.335
2025-12-01 04:39:25,3.333
2025-12-01 04:39:26,3.334
2025-12-01 04:39:27,3.335
2025-12-01 04:39:28,3.334
2025-12-01 04:39:29,3.333
2025-12-01 04:39:30,3.333
2025-12-01 04:39:31,3.335
2025-12-01 04:39:32,3.335
2025-12-01 04:39:33,3.334
2025-12-01 04:39:34,3.334
2025-12-01 04:39:35,3.335
2025-12-01 04:39:36,3.335
2025-12-01 04:39:37,3.334
2025-12-01 04:39:38,3.334
2025-12-01 04:39:39,3.334
2025-12-01 04:39:40,3.334
2025-12-01 04:39:41,3.335
2025-12-01 04:39:42,3.334
2025-12-01 04:39:43,3.335
2025-12-01 04:39:44,3.335
2025-12-01 04:39:45,3.334
2025-12-01 04:39:46,3.335
2025-12-01 04:39:47,3.334
2025-12-01 04:39:48,3.334
2025-12-01 04:39:49,3.334
2025-12-01 04:39:50,3.333
2025-12-01 04:39:51,3.335
2025-12-01 04:39:52,3.334
2025-12-01 04:39:53,3.335
2025-12-01 04:39:54,3.334
2025-12-01 04:39:55,3.334
2025-12-01 04:39:56,3.333
2025-12-01 04:39:57,3.334
2025-12-01 04:39:58,3.334
2025-12-01 04:39:59,3.334
2025-12-01 04:40:00,3.334
2025-12-01 04:40:01,3.333
2025-12-01 04:40:02,3.334
2025-12-01 04:40:03,3.334
2025-12-01 04:40:04,3.335
2025-12-01 04:40:05,3.335
2025-12-01 04:40:06,3.335
2025-12-01 04:40:07,3.334
2025-12-01 04:40:08,3.334
2025-12-01 04:40:09,3.334
2025-12-01 04:40:10,3.334
2025-12-01 04:40:11,3.334
2025-12-01 04:40:12,3.333
2025-12-01 04:40:13,3.334
2025-12-01 04:40:14,3.335
2025-12-01 04:40:15,3.334
2025-12-01 04:40:16,3.334
2025-12-01 04:40:17,3.334
2025-12-01 04:40:18,3.335
2025-12-01 04:40:19,3.334
2025-12-01 04:40:20,3.334
2025-12-01 04:40:21,3.334
2025-12-01 04:40:22,3.334
2025-12-01 04:40:23,3.334
2025-12-01 04:40:24,3.334
2025-12-01 04:40:25,3.334
2025-12-01 04:40:26,3.334
2025-12-01 04:40:27,3.335
2025-12-01 04:40:28,3.334
2025-12-01 04:40:29,3.334
2025-12-01 04:40:30,3.334
2025-12-01 04:40:31,3.335
2025-12-01 04:40:32,3.334
2025-12-01 04:40:33,3.334
2025-12-01 04:40:34,3.334
2025-12-01 04:40:35,3.334
2025-12-01 04:40:36,3.336
2025-12-01 04:40:37,3.335
2025-12-01 04:40:38,3.334
2025-12-01 04:40:39,3.334
2025-12-01 04:40:40,3.334
2025-12-01 04:40:41,3.334
2025-12-01 04:40:42,3.335
2025-12-01 04:40:43,3.334
2025-12-01 04:40:44,3.334
2025-12-01 04:40:45,3.334
2025-12-01 04:40:46,3.334
2025-12-01 04:40:47,3.333
2025-12-01 04:40:48,3.334
2025-12-01 04:40:49,3.334
2025-12-01 04:40:50,3.334
2025-12-01 04:40:51,3.333
2025-12-01 04:40:52,3.334
2025-12-01 04:40:53,3.335
2025-12-01 04:40:54,3.335
2025-12-01 04:40:55,3.335
2025-12-01 04:40:56,3.334
2025-12-01 04:40:57,3.334
2025-12-01 04:40:58,3.334
2025-12-01 04:40:59,3.334
2025-12-01 04:41:00,3.334
2025-12-01 04:41:01,3.334
2025-12-01 04:41:02,3.334
2025-12-01 04:41:03,3.334
2025-12-01 04:41:04,3.334
2025-12-01 04:41:05,3.335
2025-12-01 04:41:06,3.335
2025-12-01 04:41:07,3.334
2025-12-01 04:41:08,3.334
2025-12-01 04:41:09,3.334
2025-12-01 04:41:10,3.334
2025-12-01 04:41:11,3.334
2025-12-01 04:41:12,3.334
2025-12-01 04:41:13,3.334
2025-12-01 04:41:14,3.334
2025-12-01 04:41:15,3.335
2025-12-01 04:41:16,3.334
2025-12-01 04:41:17,3.334
2025-12-01 04:41:18,3.333
2025-12-01 04:41:19,3.335
2025-12-01 04:41:20,3.335
2025-12-01 04:41:21,3.335
2025-12-01 04:41:22,3.335
2025-12-01 04:41:23,3.334
2025-12-01 04:41:24,3.334
2025-12-01 04:41:25,3.334
2025-12-01 04:41:26,3.334
2025-12-01 04:41:27,3.333
2025-12-01 04:41:28,3.334
2025-12-01 04:41:29,3.335
2025-12-01 04:41:30,3.335
2025-12-01 04:41:31,3.333
2025-12-01 04:41:32,3.334
2025-12-01 04:41:33,3.334
2025-12-01 04:41:34,3.335
2025-12-01 04:41:35,3.334
2025-12-01 04:41:36,3.334
2025-12-01 04:41:37,3.335
2025-12-01 04:41:38,3.334
2025-12-01 04:41:39,3.334
2025-12-01 04:41:40,3.334
2025-12-01 04:41:41,3.335
2025-12-01 04:41:42,3.334
2025-12-01 04:41:43,3.334
2025-12-01 04:41:44,3.335
2025-12-01 04:41:45,3.335
2025-12-01 04:41:46,3.334
2025-12-01 04:41:47,3.334
2025-12-01 04:41:48,3.334
2025-12-01 04:41:49,3.335
2025-12-01 04:41:50,3.333
2025-12-01 04:41:51,3.334
2025-12-01 04:41:52,3.335
2025-12-01 04:41:53,3.334
2025-12-01 04:41:54,3.334
2025-12-01 04:41:55,3.334
2025-12-01 04:41:56,3.334
2025-12-01 04:41:57,3.334
2025-12-01 04:41:58,3.334
2025-12-01 04:41:59,3.334
2025-12-01 04:42:00,3.334
2025-12-01 04:42:01,3.334
2025-12-01 04:42:02,3.334
2025-12-01 04:42:03,3.334
2025-12-01 04:42:04,3.335
2025-12-01 04:42:05,3.334
2025-12-01 04:42:06,3.335
2025-12-01 04:42:07,3.335
2025-12-01 04:42:08,3.334
2025-12-01 04:42:09,3.335
2025-12-01 04:42:10,3.334
2025-12-01 04:42:11,3.334
2025-12-01 04:42:12,3.334
2025-12-01 04:42:13,3.334
2025-12-01 04:42:14,3.335
2025-12-01 04:42:15,3.334
2025-12-01 04:42:16,3.334
2025-12-01 04:42:17,3.334
2025-12-01 04:42:18,3.333
2025-12-01 04:42:19,3.334
2025-12-01 04:42:20,3.335
2025-12-01 04:42:21,3.336
2025-12-01 04:42:22,3.334
2025-12-01 04:42:23,3.334
2025-12-01 04:42:24,3.334
2025-12-01 04:42:25,3.335
2025-12-01 04:42:26,3.334
2025-12-01 04:42:27,3.334
2025-12-01 04:42:28,3.334
2025-12-01 04:42:29,3.334
2025-12-01 04:42:30,3.335
2025-12-01 04:42:31,3.334
2025-12-01 04:42:32,3.334
2025-12-01 04:42:33,3.334
2025-12-01 04:42:34,3.335
2025-12-01 04:42:35,3.333
2025-12-01 04:42:36,3.335
2025-12-01 04:42:37,3.335
2025-12-01 04:42:38,3.334
2025-12-01 04:42:39,3.335
2025-12-01 04:42:40,3.335
2025-12-01 04:42:41,3.334
2025-12-01 04:42:42,3.334
2025-12-01 04:42:43,3.335
2025-12-01 04:42:44,3.334
2025-12-01 04:42:45,3.334
2025-12-01 04:42:46,3.334
2025-12-01 04:42:47,3.334
2025-12-01 04:42:48,3.334
2025-12-01 04:42:49,3.334
2025-12-01 04:42:50,3.335
2025-12-01 04:42:51,3.334
2025-12-01 04:42:52,3.334
2025-12-01 04:42:53,3.334
2025-12-01 04:42:54,3.334
2025-12-01 04:42:55,3.333
2025-12-01 04:42:56,3.334
2025-12-01 04:42:57,3.335
2025-12-01 04:42:58,3.334
2025-12-01 04:42:59,3.334
2025-12-01 04:43:00,3.333
2025-12-01 04:43:01,3.334
2025-12-01 04:43:02,3.334
2025-12-01 04:43:03,3.335
2025-12-01 04:43:04,3.334
2025-12-01 04:43:05,3.334
2025-12-01 04:43:06,3.335
2025-12-01 04:43:07,3.334
2025-12-01 04:43:08,3.334
2025-12-01 04:43:09,3.334
2025-12-01 04:43:10,3.334
2025-12-01 04:43:11,3.335
2025-12-01 04:43:12,3.335
2025-12-01 04:43:13,3.334
2025-12-01 04:43:14,3.335
2025-12-01 04:43:15,3.335
2025-12-01 04:43:16,3.335
2025-12-01 04:43:17,3.334
2025-12-01 04:43:18,3.334
2025-12-01 04:43:19,3.335
2025-12-01 04:43:20,3.334
2025-12-01 04:43:21,3.334
2025-12-01 04:43:22,3.334
2025-12-01 04:43:23,3.334
2025-12-01 04:43:24,3.334
2025-12-01 04:43:25,3.334
2025-12-01 04:43:26,3.334
2025-12-01 04:43:27,3.334
2025-12-01 04:43:28,3.334
2025-12-01 04:43:29,3.334
2025-12-01 04:43:30,3.334
2025-12-01 04:43:31,3.334
2025-12-01 04:43:32,3.334
2025-12-01 04:43:33,3.334
2025-12-01 04:43:34,3.334
2025-12-01 04:43:35,3.335
2025-12-01 04:43:36,3.335
2025-12-01 04:43:37,3.334
2025-12-01 04:43:38,3.334
2025-12-01 04:43:39,3.334
2025-12-01 04:43:40,3.335
2025-12-01 04:43:41,3.334
2025-12-01 04:43:42,3.335
2025-12-01 04:43:43,3.335
2025-12-01 04:43:44,3.334
2025-12-01 04:43:45,3.335
2025-12-01 04:43:46,3.334
2025-12-01 04:43:47,3.334
2025-12-01 04:43:48,3.334
2025-12-01 04:43:49,3.334
2025-12-01 04:43:50,3.334
2025-12-01 04:43:51,3.334
2025-12-01 04:43:52,3.334
2025-12-01 04:43:53,3.333
2025-12-01 04:43:54,3.333
2025-12-01 04:43:55,3.334
2025-12-01 04:43:56,3.335
2025-12-01 04:43:57,3.335
2025-12-01 04:43:58,3.334
2025-12-01 04:43:59,3.335
2025-12-01 04:44:00,3.334
2025-12-01 04:44:01,3.335
2025-12-01 04:44:02,3.335
2025-12-01 04:44:03,3.334
2025-12-01 04:44:04,3.334
2025-12-01 04:44:05,3.335
2025-12-01 04:44:06,3.335
2025-12-01 04:44:07,3.334
2025-12-01 04:44:08,3.334
2025-12-01 04:44:09,3.335
2025-12-01 04:44:10,3.335
2025-12-01 04:44:11,3.334
2025-12-01 04:44:12,3.334
2025-12-01 04:44:13,3.334
2025-12-01 04:44:14,3.334
2025-12-01 04:44:15,3.334
2025-12-01 04:44:16,3.334
2025-12-01 04:44:17,3.334
2025-12-01 04:44:18,3.334
2025-12-01 04:44:19,3.334
2025-12-01 04:44:20,3.334
2025-12-01 04:44:21,3.335
2025-12-01 04:44:22,3.334
2025-12-01 04:44:23,3.334
2025-12-01 04:44:24,3.334
2025-12-01 04:44:25,3.335
2025-12-01 04:44:26,3.334
2025-12-01 04:44:27,3.334
2025-12-01 04:44:28,3.334
2025-12-01 04:44:29,3.335
2025-12-01 04:44:30,3.334
2025-12-01 04:44:31,3.334
2025-12-01 04:44:32,3.334
2025-12-01 04:44:33,3.335
2025-12-01 04:44:34,3.334
2025-12-01 04:44:35,3.333
2025-12-01 04:44:36,3.335
2025-12-01 04:44:37,3.334
2025-12-01 04:44:38,3.334
2025-12-01 04:44:39,3.335
2025-12-01 04:44:40,3.334
2025-12-01 04:44:41,3.335
2025-12-01 04:44:42,3.334
2025-12-01 04:44:43,3.334
2025-12-01 04:44:44,3.334
2025-12-01 04:44:45,3.335
2025-12-01 04:44:46,3.334
2025-12-01 04:44:47,3.335
2025-12-01 04:44:48,3.335
2025-12-01 04:44:49,3.335
2025-12-01 04:44:50,3.334
2025-12-01 04:44:51,3.333
2025-12-01 04:44:52,3.334
2025-12-01 04:44:53,3.334
2025-12-01 04:44:54,3.334
2025-12-01 04:44:55,3.334
2025-12-01 04:44:56,3.335
2025-12-01 04:44:57,3.335
2025-12-01 04:44:58,3.334
2025-12-01 04:44:59,3.335
2025-12-01 04:45:00,3.335
2025-12-01 04:45:01,3.335
2025-12-01 04:45:02,3.335
2025-12-01 04:45:03,3.334
2025-12-01 04:45:04,3.335
2025-12-01 04:45:05,3.335
2025-12-01 04:45:06,3.334
2025-12-01 04:45:07,3.334
2025-12-01 04:45:08,3.334
2025-12-01 04:45:09,3.333
2025-12-01 04:45:10,3.334
2025-12-01 04:45:11,3.334
2025-12-01 04:45:12,3.335
2025-12-01 04:45:13,3.335
2025-12-01 04:45:14,3.335
2025-12-01 04:45:15,3.334
2025-12-01 04:45:16,3.335
2025-12-01 04:45:17,3.335
2025-12-01 04:45:18,3.335
2025-12-01 04:45:19,3.334
2025-12-01 04:45:20,3.335
2025-12-01 04:45:21,3.334
2025-12-01 04:45:22,3.334
2025-12-01 04:45:23,3.334
2025-12-01 04:45:24,3.334
2025-12-01 04:45:25,3.334
2025-12-01 04:45:26,3.334
2025-12-01 04:45:27,3.334
2025-12-01 04:45:28,3.334
2025-12-01 04:45:29,3.334
2025-12-01 04:45:30,3.333
2025-12-01 04:45:31,3.334
2025-12-01 04:45:32,3.335
2025-12-01 04:45:33,3.335
2025-12-01 04:45:34,3.334
2025-12-01 04:45:35,3.334
2025-12-01 04:45:36,3.334
2025-12-01 04:45:37,3.335
2025-12-01 04:45:38,3.334
2025-12-01 04:45:39,3.334
2025-12-01 04:45:40,3.335
2025-12-01 04:45:41,3.334
2025-12-01 04:45:42,3.334
2025-12-01 04:45:43,3.334
2025-12-01 04:45:44,3.335
2025-12-01 04:45:45,3.333
2025-12-01 04:45:46,3.334
2025-12-01 04:45:47,3.334
2025-12-01 04:45:48,3.335
2025-12-01 04:45:49,3.334
2025-12-01 04:45:50,3.335
2025-12-01 04:45:51,3.334
2025-12-01 04:45:52,3.334
2025-12-01 04:45:53,3.333
2025-12-01 04:45:54,3.335
2025-12-01 04:45:55,3.334
2025-12-01 04:45:56,3.334
2025-12-01 04:45:57,3.334
2025-12-01 04:45:58,3.334
2025-12-01 04:45:59,3.335
2025-12-01 04:46:00,3.334
2025-12-01 04:46:01,3.334
2025-12-01 04:46:02,3.334
2025-12-01 04:46:03,3.334
2025-12-01 04:46:04,3.334
2025-12-01 04:46:05,3.335
2025-12-01 04:46:06,3.334
2025-12-01 04:46:07,3.335
2025-12-01 04:46:08,3.334
2025-12-01 04:46:09,3.334
2025-12-01 04:46:10,3.334
2025-12-01 04:46:11,3.334
2025-12-01 04:46:12,3.334
2025-12-01 04:46:13,3.334
2025-12-01 04:46:14,3.334
2025-12-01 04:46:15,3.334
2025-12-01 04:46:16,3.335
2025-12-01 04:46:17,3.334
2025-12-01 04:46:18,3.333
2025-12-01 04:46:19,3.334
2025-12-01 04:46:20,3.335
2025-12-01 04:46:21,3.334
2025-12-01 04:46:22,3.334
2025-12-01 04:46:23,3.335
2025-12-01 04:46:24,3.334
2025-12-01 04:46:25,3.334
2025-12-01 04:46:26,3.334
2025-12-01 04:46:27,3.335
2025-12-01 04:46:28,3.334
2025-12-01 04:46:29,3.334
2025-12-01 04:46:30,3.334
2025-12-01 04:46:31,3.334
2025-12-01 04:46:32,3.335
2025-12-01 04:46:33,3.334
2025-12-01 04:46:34,3.334
2025-12-01 04:46:35,3.335
2025-12-01 04:46:36,3.334
2025-12-01 04:46:37,3.335
2025-12-01 04:46:38,3.334
2025-12-01 04:46:39,3.334
2025-12-01 04:46:40,3.334
2025-12-01 04:46:41,3.335
2025-12-01 04:46:42,3.335
2025-12-01 04:46:43,3.335
2025-12-01 04:46:44,3.335
2025-12-01 04:46:45,3.334
2025-12-01 04:46:46,3.335
2025-12-01 04:46:47,3.335
2025-12-01 04:46:48,3.334
2025-12-01 04:46:49,3.334
2025-12-01 04:46:50,3.334
2025-12-01 04:46:51,3.335
2025-12-01 04:46:52,3.334
2025-12-01 04:46:53,3.334
2025-12-01 04:46:54,3.335
2025-12-01 04:46:55,3.334
2025-12-01 04:46:56,3.335
2025-12-01 04:46:57,3.334
2025-12-01 04:46:58,3.335
2025-12-01 04:46:59,3.334
2025-12-01 04:47:00,3.335
2025-12-01 04:47:01,3.334
2025-12-01 04:47:02,3.335
2025-12-01 04:47:03,3.334
2025-12-01 04:47:04,3.335
2025-12-01 04:47:05,3.334
2025-12-01 04:47:06,3.334
2025-12-01 04:47:07,3.334
2025-12-01 04:47:08,3.333
2025-12-01 04:47:09,3.335
2025-12-01 04:47:10,3.334
2025-12-01 04:47:11,3.334
2025-12-01 04:47:12,3.335
2025-12-01 04:47:13,3.335
2025-12-01 04:47:14,3.335
2025-12-01 04:47:15,3.334
2025-12-01 04:47:16,3.333
2025-12-01 04:47:17,3.335
2025-12-01 04:47:18,3.335
2025-12-01 04:47:19,3.334
2025-12-01 04:47:20,3.334
2025-12-01 04:47:21,3.333
2025-12-01 04:47:22,3.333
2025-12-01 04:47:23,3.334
2025-12-01 04:47:24,3.334
2025-12-01 04:47:25,3.334
2025-12-01 04:47:26,3.334
2025-12-01 04:47:27,3.334
2025-12-01 04:47:28,3.334
2025-12-01 04:47:29,3.334
2025-12-01 04:47:30,3.335
2025-12-01 04:47:31,3.335
2025-12-01 04:47:32,3.335
2025-12-01 04:47:33,3.334
2025-12-01 04:47:34,3.334
2025-12-01 04:47:35,3.334
2025-12-01 04:47:36,3.334
2025-12-01 04:47:37,3.334
2025-12-01 04:47:38,3.333
2025-12-01 04:47:39,3.334
2025-12-01 04:47:40,3.333
2025-12-01 04:47:41,3.334
2025-12-01 04:47:42,3.334
2025-12-01 04:47:43,3.333
2025-12-01 04:47:44,3.335
2025-12-01 04:47:45,3.335
2025-12-01 04:47:46,3.334
2025-12-01 04:47:47,3.334
2025-12-01 04:47:48,3.334
2025-12-01 04:47:49,3.334
2025-12-01 04:47:50,3.334
2025-12-01 04:47:51,3.334
2025-12-01 04:47:52,3.335
2025-12-01 04:47:53,3.335
2025-12-01 04:47:54,3.334
2025-12-01 04:47:55,3.334
2025-12-01 04:47:56,3.335
2025-12-01 04:47:57,3.335
2025-12-01 04:47:58,3.333
2025-12-01 04:47:59,3.334
2025-12-01 04:48:00,3.334
2025-12-01 04:48:01,3.334
2025-12-01 04:48:02,3.334
2025-12-01 04:48:03,3.335
2025-12-01 04:48:04,3.334
2025-12-01 04:48:05,3.335
2025-12-01 04:48:06,3.333
2025-12-01 04:48:07,3.334
2025-12-01 04:48:08,3.336
2025-12-01 04:48:09,3.335
2025-12-01 04:48:10,3.333
2025-12-01 04:48:11,3.335
2025-12-01 04:48:12,3.334
2025-12-01 04:48:13,3.335
2025-12-01 04:48:14,3.335
2025-12-01 04:48:15,3.334
2025-12-01 04:48:16,3.334
2025-12-01 04:48:17,3.335
2025-12-01 04:48:18,3.336
2025-12-01 04:48:19,3.335
2025-12-01 04:48:20,3.335
2025-12-01 04:48:21,3.334
2025-12-01 04:48:22,3.334
2025-12-01 04:48:23,3.334
2025-12-01 04:48:24,3.334
2025-12-01 04:48:25,3.334
2025-12-01 04:48:26,3.334
2025-12-01 04:48:27,3.334
2025-12-01 04:48:28,3.334
2025-12-01 04:48:29,3.335
2025-12-01 04:48:30,3.333
2025-12-01 04:48:31,3.334
2025-12-01 04:48:32,3.335
2025-12-01 04:48:33,3.333
2025-12-01 04:48:34,3.335
2025-12-01 04:48:35,3.334
2025-12-01 04:48:36,3.334
2025-12-01 04:48:37,3.334
2025-12-01 04:48:38,3.335
2025-12-01 04:48:39,3.334
2025-12-01 04:48:40,3.335
2025-12-01 04:48:41,3.334
2025-12-01 04:48:42,3.334
2025-12-01 04:48:43,3.334
2025-12-01 04:48:44,3.334
2025-12-01 04:48:45,3.335
2025-12-01 04:48:46,3.334
2025-12-01 04:48:47,3.335
2025-12-01 04:48:48,3.333
2025-12-01 04:48:49,3.334
2025-12-01 04:48:50,3.335
2025-12-01 04:48:51,3.334
2025-12-01 04:48:52,3.334
2025-12-01 04:48:53,3.334
2025-12-01 04:48:54,3.334
2025-12-01 04:48:55,3.334
2025-12-01 04:48:56,3.334
2025-12-01 04:48:57,3.334
2025-12-01 04:48:58,3.335
2025-12-01 04:48:59,3.335
2025-12-01 04:49:00,3.334
2025-12-01 04:49:01,3.335
2025-12-01 04:49:02,3.333
2025-12-01 04:49:03,3.333
2025-12-01 04:49:04,3.334
2025-12-01 04:49:05,3.334
2025-12-01 04:49:06,3.334
2025-12-01 04:49:07,3.334
2025-12-01 04:49:08,3.335
2025-12-01 04:49:09,3.335
2025-12-01 04:49:10,3.334
2025-12-01 04:49:11,3.334
2025-12-01 04:49:12,3.335
2025-12-01 04:49:13,3.335
2025-12-01 04:49:14,3.334
2025-12-01 04:49:15,3.334
2025-12-01 04:49:16,3.334
2025-12-01 04:49:17,3.334
2025-12-01 04:49:18,3.334
2025-12-01 04:49:19,3.335
2025-12-01 04:49:20,3.335
2025-12-01 04:49:21,3.334
2025-12-01 04:49:22,3.334
2025-12-01 04:49:23,3.334
2025-12-01 04:49:24,3.335
2025-12-01 04:49:25,3.335
2025-12-01 04:49:26,3.335
2025-12-01 04:49:27,3.335
2025-12-01 04:49:28,3.334
2025-12-01 04:49:29,3.334
2025-12-01 04:49:30,3.335
2025-12-01 04:49:31,3.334
2025-12-01 04:49:32,3.334
2025-12-01 04:49:33,3.335
2025-12-01 04:49:34,3.335
2025-12-01 04:49:35,3.335
2025-12-01 04:49:36,3.333
2025-12-01 04:49:37,3.333
2025-12-01 04:49:38,3.335
2025-12-01 04:49:39,3.335
2025-12-01 04:49:40,3.334
2025-12-01 04:49:41,3.334
2025-12-01 04:49:42,3.335
2025-12-01 04:49:43,3.334
2025-12-01 04:49:44,3.335
2025-12-01 04:49:45,3.335
2025-12-01 04:49:46,3.334
2025-12-01 04:49:47,3.334
2025-12-01 04:49:48,3.334
2025-12-01 04:49:49,3.334
2025-12-01 04:49:50,3.335
2025-12-01 04:49:51,3.334
2025-12-01 04:49:52,3.334
2025-12-01 04:49:53,3.334
2025-12-01 04:49:54,3.334
2025-12-01 04:49:55,3.334
2025-12-01 04:49:56,3.334
2025-12-01 04:49:57,3.334
2025-12-01 04:49:58,3.334
2025-12-01 04:49:59,3.336
2025-12-01 04:50:00,3.334
2025-12-01 04:50:01,3.334
2025-12-01 04:50:02,3.335
2025-12-01 04:50:03,3.335
2025-12-01 04:50:04,3.335
2025-12-01 04:50:05,3.334
2025-12-01 04:50:06,3.333
2025-12-01 04:50:07,3.334
2025-12-01 04:50:08,3.334
2025-12-01 04:50:09,3.334
2025-12-01 04:50:10,3.334
2025-12-01 04:50:11,3.335
2025-12-01 04:50:12,3.334
2025-12-01 04:50:13,3.334
2025-12-01 04:50:14,3.334
2025-12-01 04:50:15,3.334
2025-12-01 04:50:16,3.334
2025-12-01 04:50:17,3.334
2025-12-01 04:50:18,3.333
2025-12-01 04:50:19,3.335
2025-12-01 04:50:20,3.335
2025-12-01 04:50:21,3.333
2025-12-01 04:50:22,3.334
2025-12-01 04:50:23,3.334
2025-12-01 04:50:24,3.336
2025-12-01 04:50:25,3.334
2025-12-01 04:50:26,3.335
2025-12-01 04:50:27,3.334
2025-12-01 04:50:28,3.334
2025-12-01 04:50:29,3.334
2025-12-01 04:50:30,3.334
2025-12-01 04:50:31,3.333
2025-12-01 04:50:32,3.335
2025-12-01 04:50:33,3.334
2025-12-01 04:50:34,3.335
2025-12-01 04:50:35,3.334
2025-12-01 04:50:36,3.335
2025-12-01 04:50:37,3.335
2025-12-01 04:50:38,3.335
2025-12-01 04:50:39,3.335
2025-12-01 04:50:40,3.334
2025-12-01 04:50:41,3.334
2025-12-01 04:50:42,3.334
2025-12-01 04:50:43,3.334
2025-12-01 04:50:44,3.334
2025-12-01 04:50:45,3.333
2025-12-01 04:50:46,3.334
2025-12-01 04:50:47,3.334
2025-12-01 04:50:48,3.333
2025-12-01 04:50:49,3.334
2025-12-01 04:50:50,3.334
2025-12-01 04:50:51,3.334
2025-12-01 04:50:52,3.334
2025-12-01 04:50:53,3.335
2025-12-01 04:50:54,3.334
2025-12-01 04:50:55,3.335
2025-12-01 04:50:56,3.334
2025-12-01 04:50:57,3.335
2025-12-01 04:50:58,3.335
2025-12-01 04:50:59,3.335
2025-12-01 04:51:00,3.335
2025-12-01 04:51:01,3.334
2025-12-01 04:51:02,3.334
2025-12-01 04:51:03,3.334
2025-12-01 04:51:04,3.334
2025-12-01 04:51:05,3.334
2025-12-01 04:51:06,3.335
2025-12-01 04:51:07,3.335
2025-12-01 04:51:08,3.334
2025-12-01 04:51:09,3.334
2025-12-01 04:51:10,3.335
2025-12-01 04:51:11,3.334
2025-12-01 04:51:12,3.334
2025-12-01 04:51:13,3.335
2025-12-01 04:51:14,3.334
2025-12-01 04:51:15,3.334
2025-12-01 04:51:16,3.334
2025-12-01 04:51:17,3.335
2025-12-01 04:51:18,3.334
2025-12-01 04:51:19,3.334
2025-12-01 04:51:20,3.334
2025-12-01 04:51:21,3.334
2025-12-01 04:51:22,3.334
2025-12-01 04:51:23,3.334
2025-12-01 04:51:24,3.334
2025-12-01 04:51:25,3.334
2025-12-01 04:51:26,3.334
2025-12-01 04:51:27,3.334
2025-12-01 04:51:28,3.334
2025-12-01 04:51:29,3.333
2025-12-01 04:51:30,3.333
2025-12-01 04:51:31,3.334
2025-12-01 04:51:32,3.334
2025-12-01 04:51:33,3.333
2025-12-01 04:51:34,3.334
2025-12-01 04:51:35,3.334
2025-12-01 04:51:36,3.334
2025-12-01 04:51:37,3.334
2025-12-01 04:51:38,3.335
2025-12-01 04:51:39,3.333
2025-12-01 04:51:40,3.334
2025-12-01 04:51:41,3.335
2025-12-01 04:51:42,3.334
2025-12-01 04:51:43,3.334
2025-12-01 04:51:44,3.334
2025-12-01 04:51:45,3.334
2025-12-01 04:51:46,3.334
2025-12-01 04:51:47,3.334
2025-12-01 04:51:48,3.334
2025-12-01 04:51:49,3.334
2025-12-01 04:51:50,3.335
2025-12-01 04:51:51,3.334
2025-12-01 04:51:52,3.335
2025-12-01 04:51:53,3.335
2025-12-01 04:51:54,3.334
2025-12-01 04:51:55,3.334
2025-12-01 04:51:56,3.334
2025-12-01 04:51:57,3.334
2025-12-01 04:51:58,3.335
2025-12-01 04:51:59,3.334
2025-12-01 04:52:00,3.333
2025-12-01 04:52:01,3.334
2025-12-01 04:52:02,3.335
2025-12-01 04:52:03,3.335
2025-12-01 04:52:04,3.334
2025-12-01 04:52:05,3.335
2025-12-01 04:52:06,3.334
2025-12-01 04:52:07,3.334
2025-12-01 04:52:08,3.334
2025-12-01 04:52:09,3.334
2025-12-01 04:52:10,3.334
2025-12-01 04:52:11,3.335
2025-12-01 04:52:12,3.334
2025-12-01 04:52:13,3.335
2025-12-01 04:52:14,3.334
2025-12-01 04:52:15,3.334
2025-12-01 04:52:16,3.335
2025-12-01 04:52:17,3.334
2025-12-01 04:52:18,3.334
2025-12-01 04:52:19,3.334
2025-12-01 04:52:20,3.334
2025-12-01 04:52:21,3.334
2025-12-01 04:52:22,3.333
2025-12-01 04:52:23,3.334
2025-12-01 04:52:24,3.334
2025-12-01 04:52:25,3.334
2025-12-01 04:52:26,3.334
2025-12-01 04:52:27,3.334
2025-12-01 04:52:28,3.335
2025-12-01 04:52:29,3.335
2025-12-01 04:52:30,3.334
2025-12-01 04:52:31,3.333
2025-12-01 04:52:32,3.334
2025-12-01 04:52:33,3.334
2025-12-01 04:52:34,3.334
2025-12-01 04:52:35,3.335
2025-12-01 04:52:36,3.334
2025-12-01 04:52:37,3.334
2025-12-01 04:52:38,3.334
2025-12-01 04:52:39,3.334
2025-12-01 04:52:40,3.334
2025-12-01 04:52:41,3.335
2025-12-01 04:52:42,3.335
2025-12-01 04:52:43,3.335
2025-12-01 04:52:44,3.335
2025-12-01 04:52:45,3.334
2025-12-01 04:52:46,3.334
2025-12-01 04:52:47,3.334
2025-12-01 04:52:48,3.335
2025-12-01 04:52:49,3.334
2025-12-01 04:52:50,3.335
2025-12-01 04:52:51,3.335
2025-12-01 04:52:52,3.335
2025-12-01 04:52:53,3.335
2025-12-01 04:52:54,3.334
2025-12-01 04:52:55,3.335
2025-12-01 04:52:56,3.335
2025-12-01 04:52:57,3.335
2025-12-01 04:52:58,3.334
2025-12-01 04:52:59,3.335
2025-12-01 04:53:00,3.334
2025-12-01 04:53:01,3.334
2025-12-01 04:53:02,3.334
2025-12-01 04:53:03,3.334
2025-12-01 04:53:04,3.334
2025-12-01 04:53:05,3.334
2025-12-01 04:53:06,3.334
2025-12-01 04:53:07,3.334
2025-12-01 04:53:08,3.335
2025-12-01 04:53:09,3.333
2025-12-01 04:53:10,3.334
2025-12-01 04:53:11,3.335
2025-12-01 04:53:12,3.334
2025-12-01 04:53:13,3.334
2025-12-01 04:53:14,3.334
2025-12-01 04:53:15,3.335
2025-12-01 04:53:16,3.334
2025-12-01 04:53:17,3.334
2025-12-01 04:53:18,3.334
2025-12-01 04:53:19,3.334
2025-12-01 04:53:20,3.334
2025-12-01 04:53:21,3.335
2025-12-01 04:53:22,3.334
2025-12-01 04:53:23,3.334
2025-12-01 04:53:24,3.334
2025-12-01 04:53:25,3.334
2025-12-01 04:53:26,3.333
2025-12-01 04:53:27,3.334
2025-12-01 04:53:28,3.334
2025-12-01 04:53:29,3.334
2025-12-01 04:53:30,3.335
2025-12-01 04:53:31,3.333
2025-12-01 04:53:32,3.335
2025-12-01 04:53:33,3.335
2025-12-01 04:53:34,3.334
2025-12-01 04:53:35,3.335
2025-12-01 04:53:36,3.335
2025-12-01 04:53:37,3.334
2025-12-01 04:53:38,3.335
2025-12-01 04:53:39,3.333
2025-12-01 04:53:40,3.334
2025-12-01 04:53:41,3.334
2025-12-01 04:53:42,3.334
2025-12-01 04:53:43,3.334
2025-12-01 04:53:44,3.334
2025-12-01 04:53:45,3.334
2025-12-01 04:53:46,3.333
2025-12-01 04:53:47,3.334
2025-12-01 04:53:48,3.334
2025-12-01 04:53:49,3.335
2025-12-01 04:53:50,3.334
2025-12-01 04:53:51,3.334
2025-12-01 04:53:52,3.334
2025-12-01 04:53:53,3.334
2025-12-01 04:53:54,3.335
2025-12-01 04:53:55,3.334
2025-12-01 04:53:56,3.334
2025-12-01 04:53:57,3.335
2025-12-01 04:53:58,3.335
2025-12-01 04:53:59,3.334
2025-12-01 04:54:00,3.333
2025-12-01 04:54:01,3.334
2025-12-01 04:54:02,3.335
2025-12-01 04:54:03,3.334
2025-12-01 04:54:04,3.335
2025-12-01 04:54:05,3.334
2025-12-01 04:54:06,3.334
2025-12-01 04:54:07,3.335
2025-12-01 04:54:08,3.335
2025-12-01 04:54:09,3.335
2025-12-01 04:54:10,3.334
2025-12-01 04:54:11,3.334
2025-12-01 04:54:12,3.335
2025-12-01 04:54:13,3.334
2025-12-01 04:54:14,3.334
2025-12-01 04:54:15,3.334
2025-12-01 04:54:16,3.334
2025-12-01 04:54:17,3.335
2025-12-01 04:54:18,3.334
2025-12-01 04:54:19,3.334
2025-12-01 04:54:20,3.334
2025-12-01 04:54:21,3.333
2025-12-01 04:54:22,3.335
2025-12-01 04:54:23,3.334
2025-12-01 04:54:24,3.334
2025-12-01 04:54:25,3.335
2025-12-01 04:54:26,3.335
2025-12-01 04:54:27,3.334
2025-12-01 04:54:28,3.335
2025-12-01 04:54:29,3.335
2025-12-01 04:54:30,3.335
2025-12-01 04:54:31,3.334
2025-12-01 04:54:32,3.334
2025-12-01 04:54:33,3.334
2025-12-01 04:54:34,3.335
2025-12-01 04:54:35,3.334
2025-12-01 04:54:36,3.334
2025-12-01 04:54:37,3.335
2025-12-01 04:54:38,3.333
2025-12-01 04:54:39,3.335
2025-12-01 04:54:40,3.333
2025-12-01 04:54:41,3.334
2025-12-01 04:54:42,3.334
2025-12-01 04:54:43,3.335
2025-12-01 04:54:44,3.335
2025-12-01 04:54:45,3.334
2025-12-01 04:54:46,3.335
2025-12-01 04:54:47,3.335
2025-12-01 04:54:48,3.334
2025-12-01 04:54:49,3.334
2025-12-01 04:54:50,3.334
2025-12-01 04:54:51,3.334
2025-12-01 04:54:52,3.333
2025-12-01 04:54:53,3.335
2025-12-01 04:54:54,3.334
2025-12-01 04:54:55,3.334
2025-12-01 04:54:56,3.334
2025-12-01 04:54:57,3.334
2025-12-01 04:54:58,3.334
2025-12-01 04:54:59,3.335
2025-12-01 04:55:00,3.335
2025-12-01 04:55:01,3.334
2025-12-01 04:55:02,3.334
2025-12-01 04:55:03,3.334
2025-12-01 04:55:04,3.334
2025-12-01 04:55:05,3.335
2025-12-01 04:55:06,3.334
2025-12-01 04:55:07,3.334
2025-12-01 04:55:08,3.335
2025-12-01 04:55:09,3.335
2025-12-01 04:55:10,3.334
2025-12-01 04:55:11,3.335
2025-12-01 04:55:12,3.335
2025-12-01 04:55:13,3.334
2025-12-01 04:55:14,3.334
2025-12-01 04:55:15,3.335
2025-12-01 04:55:16,3.334
2025-12-01 04:55:17,3.334
2025-12-01 04:55:18,3.334
2025-12-01 04:55:19,3.334
2025-12-01 04:55:20,3.335
2025-12-01 04:55:21,3.334
2025-12-01 04:55:22,3.334
2025-12-01 04:55:23,3.335
2025-12-01 04:55:24,3.334
2025-12-01 04:55:25,3.334
2025-12-01 04:55:26,3.334
2025-12-01 04:55:27,3.334
2025-12-01 04:55:28,3.334
2025-12-01 04:55:29,3.334
2025-12-01 04:55:30,3.334
2025-12-01 04:55:31,3.334
2025-12-01 04:55:32,3.334
2025-12-01 04:55:33,3.334
2025-12-01 04:55:34,3.334
2025-12-01 04:55:35,3.335
2025-12-01 04:55:36,3.334
2025-12-01 04:55:37,3.334
2025-12-01 04:55:38,3.334
2025-12-01 04:55:39,3.334
2025-12-01 04:55:40,3.334
2025-12-01 04:55:41,3.335
2025-12-01 04:55:42,3.334
2025-12-01 04:55:43,3.334
2025-12-01 04:55:44,3.334
2025-12-01 04:55:45,3.334
2025-12-01 04:55:46,3.334
2025-12-01 04:55:47,3.333
2025-12-01 04:55:48,3.334
2025-12-01 04:55:49,3.334
2025-12-01 04:55:50,3.335
2025-12-01 04:55:51,3.335
2025-12-01 04:55:52,3.334
2025-12-01 04:55:53,3.334
2025-12-01 04:55:54,3.334
2025-12-01 04:55:55,3.333
2025-12-01 04:55:56,3.333
2025-12-01 04:55:57,3.334
2025-12-01 04:55:58,3.334
2025-12-01 04:55:59,3.334
2025-12-01 04:56:00,3.334
2025-12-01 04:56:01,3.334
2025-12-01 04:56:02,3.334
2025-12-01 04:56:03,3.335
2025-12-01 04:56:04,3.335
2025-12-01 04:56:05,3.334
2025-12-01 04:56:06,3.334
2025-12-01 04:56:07,3.335
2025-12-01 04:56:08,3.335
2025-12-01 04:56:09,3.334
2025-12-01 04:56:10,3.333
2025-12-01 04:56:11,3.334
2025-12-01 04:56:12,3.335
2025-12-01 04:56:13,3.334
2025-12-01 04:56:14,3.335
2025-12-01 04:56:15,3.335
2025-12-01 04:56:16,3.335
2025-12-01 04:56:17,3.333
2025-12-01 04:56:18,3.334
2025-12-01 04:56:19,3.334
2025-12-01 04:56:20,3.334
2025-12-01 04:56:21,3.335
2025-12-01 04:56:22,3.334
2025-12-01 04:56:23,3.334
2025-12-01 04:56:24,3.334
2025-12-01 04:56:25,3.334
2025-12-01 04:56:26,3.334
2025-12-01 04:56:27,3.334
2025-12-01 04:56:28,3.335
2025-12-01 04:56:29,3.334
2025-12-01 04:56:30,3.334
2025-12-01 04:56:31,3.334
2025-12-01 04:56:32,3.334
2025-12-01 04:56:33,3.334
2025-12-01 04:56:34,3.334
2025-12-01 04:56:35,3.333
2025-12-01 04:56:36,3.334
2025-12-01 04:56:37,3.334
2025-12-01 04:56:38,3.334
2025-12-01 04:56:39,3.334
2025-12-01 04:56:40,3.334
2025-12-01 04:56:41,3.334
2025-12-01 04:56:42,3.334
2025-12-01 04:56:43,3.334
2025-12-01 04:56:44,3.334
2025-12-01 04:56:45,3.334
2025-12-01 04:56:46,3.334
2025-12-01 04:56:47,3.334
2025-12-01 04:56:48,3.334
2025-12-01 04:56:49,3.334
2025-12-01 04:56:50,3.335
2025-12-01 04:56:51,3.335
2025-12-01 04:56:52,3.334
2025-12-01 04:56:53,3.334
2025-12-01 04:56:54,3.335
2025-12-01 04:56:55,3.334
2025-12-01 04:56:56,3.335
2025-12-01 04:56:57,3.335
2025-12-01 04:56:58,3.335
2025-12-01 04:56:59,3.334
2025-12-01 04:57:00,3.334
2025-12-01 04:57:01,3.334
2025-12-01 04:57:02,3.334
2025-12-01 04:57:03,3.335
2025-12-01 04:57:04,3.334
2025-12-01 04:57:05,3.334
2025-12-01 04:57:06,3.334
2025-12-01 04:57:07,3.334
2025-12-01 04:57:08,3.335
2025-12-01 04:57:09,3.334
2025-12-01 04:57:10,3.334
2025-12-01 04:57:11,3.335
2025-12-01 04:57:12,3.334
2025-12-01 04:57:13,3.334
2025-12-01 04:57:14,3.335
2025-12-01 04:57:15,3.334
2025-12-01 04:57:16,3.335
2025-12-01 04:57:17,3.335
2025-12-01 04:57:18,3.334
2025-12-01 04:57:19,3.334
2025-12-01 04:57:20,3.335
2025-12-01 04:57:21,3.334
2025-12-01 04:57:22,3.334
2025-12-01 04:57:23,3.335
2025-12-01 04:57:24,3.334
2025-12-01 04:57:25,3.334
2025-12-01 04:57:26,3.334
2025-12-01 04:57:27,3.334
2025-12-01 04:57:28,3.334
2025-12-01 04:57:29,3.334
2025-12-01 04:57:30,3.334
2025-12-01 04:57:31,3.335
2025-12-01 04:57:32,3.334
2025-12-01 04:57:33,3.334
2025-12-01 04:57:34,3.334
2025-12-01 04:57:35,3.334
2025-12-01 04:57:36,3.335
2025-12-01 04:57:37,3.334
2025-12-01 04:57:38,3.335
2025-12-01 04:57:39,3.334
2025-12-01 04:57:40,3.335
2025-12-01 04:57:41,3.334
2025-12-01 04:57:42,3.335
2025-12-01 04:57:43,3.334
2025-12-01 04:57:44,3.333
2025-12-01 04:57:45,3.334
2025-12-01 04:57:46,3.335
2025-12-01 04:57:47,3.335
2025-12-01 04:57:48,3.333
2025-12-01 04:57:49,3.334
2025-12-01 04:57:50,3.335
2025-12-01 04:57:51,3.334
2025-12-01 04:57:52,3.335
2025-12-01 04:57:53,3.334
2025-12-01 04:57:54,3.334
2025-12-01 04:57:55,3.334
2025-12-01 04:57:56,3.335
2025-12-01 04:57:57,3.334
2025-12-01 04:57:58,3.335
2025-12-01 04:57:59,3.335
2025-12-01 04:58:00,3.335
2025-12-01 04:58:01,3.334
2025-12-01 04:58:02,3.336
2025-12-01 04:58:03,3.335
2025-12-01 04:58:04,3.333
2025-12-01 04:58:05,3.335
2025-12-01 04:58:06,3.335
2025-12-01 04:58:07,3.334
2025-12-01 04:58:08,3.335
2025-12-01 04:58:09,3.335
2025-12-01 04:58:10,3.334
2025-12-01 04:58:11,3.334
2025-12-01 04:58:12,3.334
2025-12-01 04:58:13,3.334
2025-12-01 04:58:14,3.334
2025-12-01 04:58:15,3.334
2025-12-01 04:58:16,3.334
2025-12-01 04:58:17,3.334
2025-12-01 04:58:18,3.334
2025-12-01 04:58:19,3.334
2025-12-01 04:58:20,3.335
2025-12-01 04:58:21,3.335
2025-12-01 04:58:22,3.334
2025-12-01 04:58:23,3.335
2025-12-01 04:58:24,3.334
2025-12-01 04:58:25,3.334
2025-12-01 04:58:26,3.334
2025-12-01 04:58:27,3.335
2025-12-01 04:58:28,3.335
2025-12-01 04:58:29,3.334
2025-12-01 04:58:30,3.334
2025-12-01 04:58:31,3.334
2025-12-01 04:58:32,3.335
2025-12-01 04:58:33,3.335
2025-12-01 04:58:34,3.334
2025-12-01 04:58:35,3.334
2025-12-01 04:58:36,3.335
2025-12-01 04:58:37,3.334
2025-12-01 04:58:38,3.334
2025-12-01 04:58:39,3.334
2025-12-01 04:58:40,3.335
2025-12-01 04:58:41,3.334
2025-12-01 04:58:42,3.334
2025-12-01 04:58:43,3.334
2025-12-01 04:58:44,3.335
2025-12-01 04:58:45,3.335
2025-12-01 04:58:46,3.335
2025-12-01 04:58:47,3.334
2025-12-01 04:58:48,3.335
2025-12-01 04:58:49,3.334
2025-12-01 04:58:50,3.334
2025-12-01 04:58:51,3.334
2025-12-01 04:58:52,3.335
2025-12-01 04:58:53,3.335
2025-12-01 04:58:54,3.334
2025-12-01 04:58:55,3.334
2025-12-01 04:58:56,3.335
2025-12-01 04:58:57,3.335
2025-12-01 04:58:58,3.335
2025-12-01 04:58:59,3.335
2025-12-01 04:59:00,3.334
2025-12-01 04:59:01,3.334
2025-12-01 04:59:02,3.335
2025-12-01 04:59:03,3.334
2025-12-01 04:59:04,3.334
2025-12-01 04:59:05,3.335
2025-12-01 04:59:06,3.335
2025-12-01 04:59:07,3.334
2025-12-01 04:59:08,3.334
2025-12-01 04:59:09,3.335
2025-12-01 04:59:10,3.334
2025-12-01 04:59:11,3.334
2025-12-01 04:59:12,3.334
2025-12-01 04:59:13,3.334
2025-12-01 04:59:14,3.334
2025-12-01 04:59:15,3.333
2025-12-01 04:59:16,3.334
2025-12-01 04:59:17,3.334
2025-12-01 04:59:18,3.334
2025-12-01 04:59:19,3.334
2025-12-01 04:59:20,3.335
2025-12-01 04:59:21,3.333
2025-12-01 04:59:22,3.334
2025-12-01 04:59:23,3.334
2025-12-01 04:59:24,3.334
2025-12-01 04:59:25,3.334
2025-12-01 04:59:26,3.334
2025-12-01 04:59:27,3.334
2025-12-01 04:59:28,3.334
2025-12-01 04:59:29,3.333
2025-12-01 04:59:30,3.334
2025-12-01 04:59:31,3.334
2025-12-01 04:59:32,3.333
2025-12-01 04:59:33,3.334
2025-12-01 04:59:34,3.334
2025-12-01 04:59:35,3.334
2025-12-01 04:59:36,3.334
2025-12-01 04:59:37,3.334
2025-12-01 04:59:38,3.334
2025-12-01 04:59:39,3.334
2025-12-01 04:59:40,3.333
2025-12-01 04:59:41,3.334
2025-12-01 04:59:42,3.334
2025-12-01 04:59:43,3.335
2025-12-01 04:59:44,3.333
2025-12-01 04:59:45,3.334
2025-12-01 04:59:46,3.335
2025-12-01 04:59:47,3.334
2025-12-01 04:59:48,3.335
2025-12-01 04:59:49,3.334
2025-12-01 04:59:50,3.334
2025-12-01 04:59:51,3.335
2025-12-01 04:59:52,3.334
2025-12-01 04:59:53,3.334
2025-12-01 04:59:54,3.333
2025-12-01 04:59:55,3.334
2025-12-01 04:59:56,3.334
2025-12-01 04:59:57,3.335
2025-12-01 04:59:58,3.335
2025-12-01 04:59:59,3.335
