battery_id,dod_avg,fast_charge_ratio,temp_avg,current_capacity_ah
VIN_0000,66.34736331250298,0.1864184361757384,27.387157467512587,70.6821180308015
VIN_0001,60.25386488308139,0.20058911830128187,25.548546187723545,73.65148357992489
VIN_0002,59.756299969891025,0.19222321670879308,27.996659900018223,75.01370040051965
VIN_0003,52.849405625816544,0.12629313715820423,27.16140766640885,75.19215896134925
VIN_0004,62.92833848193399,0.2749122051840659,23.65280531925669,66.50952871472569
VIN_0005,57.99096055509645,0.20280415657947104,28.599743730234607,72.21011033224173
VIN_0006,71.40919220563075,0.31953691672189266,23.477846267188383,77.70197087243352
VIN_0007,47.53274146391225,0.000385580418616166,23.658429357925655,74.53717888264052
VIN_0008,30.878328354352536,0.1417269682067358,25.12631470040201,73.2197822953988
VIN_0009,53.565566595445645,0.1406068028891177,25.389800877716052,65.13588023434006
VIN_0010,55.05964340786816,0.27505112490822103,24.628610377349755,97.22534950195583
VIN_0011,56.4790740115614,0.058830111935919804,25.004502024698652,98.98661777606443
VIN_0012,63.508547147291154,0.23729061382297584,26.822772172506305,100.61853855047303
VIN_0013,65.77869836792458,0.07104023637459175,25.51187733448143,98.1657906221649
VIN_0014,55.29043322090837,0.04585232123023855,23.421291665774756,98.4019893521994
VIN_0015,36.92245656105099,0.3061855664397932,22.90823538672786,99.00062131942096
VIN_0016,44.77407925707984,0.2619733765378385,22.19990814245709,98.54426963748787
VIN_0017,54.378994305016256,0.13420152768748786,27.316014144366815,99.84548371019221
VIN_0018,34.664176487859756,0.051727601886535995,26.2031020138367,99.6822908740957
VIN_0019,42.2509167665118,0.11190227110882424,24.538543534841136,94.40045318843988
VIN_0020,43.66634450375613,0.20153680011712502,23.96224041149054,96.41589252170493
VIN_0021,55.13346620190884,0.32746839453495424,23.262559722420416,97.39542383084198
VIN_0022,60.425535481073,0.26088150266031485,26.59536913855241,95.56114025787738
VIN_0023,57.373248530878904,0.2914801648735783,24.918561877224754,100.3514775350291
VIN_0024,47.2128200559173,0.08495602016890698,24.32324546038974,96.65099596207708
VIN_0025,44.52072375065349,0.25958334920186693,26.33875706056806,98.79079427714164
VIN_0026,58.50108217220518,0.3155177248732035,25.608457599430913,99.42889905786515
VIN_0027,63.36536037937636,0.3077348648600644,26.775807753415457,97.75340205576079
VIN_0028,52.242293798919704,0.27016775867592113,21.7510640958932,96.3693853130676
VIN_0029,36.25061092633333,0.1496451132088874,24.73714550120339,100.23891947930248
VIN_0030,36.07147070619404,0.14367387303075135,28.321374837824685,95.26281972711168
VIN_0031,61.718542965455796,0.06196281522211483,26.450497924787953,96.49301474999554
VIN_0032,66.34478083134556,0.17393655279519746,23.247627065708063,100.25192052632974
VIN_0033,43.375797124995586,0.15502103015379395,22.217338095740658,97.72488766250807
VIN_0034,44.652431464474205,0.12272754732648511,23.27308084079566,96.30454600918814
VIN_0035,44.70315171446259,0.27337492268823593,22.88914126462235,96.34116609969927
VIN_0036,57.70108916205713,0.3378232641179484,24.20476588561711,97.33863011828434
VIN_0037,57.28659673056705,0.14278937831351501,25.21575999511339,95.99893009305627
VIN_0038,52.94017469677035,0.18562236527499593,26.125280611773675,94.026460248903
VIN_0039,37.877190767969296,0.23241262426973774,23.87597058744729,98.28243627224421
VIN_0040,44.17788352362873,0.10829679230326182,28.552831860052763,98.30378882652487
VIN_0041,48.72463742035806,0.20344012142734588,27.317097915788892,96.89574448051484
VIN_0042,46.55943528759649,0.13519234493478577,25.472725736114874,94.46449235936471
VIN_0043,37.58950990086813,0.32258515737761395,24.33592031756365,97.10956796693416
VIN_0044,38.88323830849362,0.25556227726735226,25.325273484888324,97.41603848993014
VIN_0045,40.85289109494702,0.16917100915122968,23.901263500247893,97.30635008528367
VIN_0046,43.39212912543684,0.3754880922096651,24.963121210738837,99.41698802199315
VIN_0047,67.9225568798328,0.06907447309716067,22.615701778393497,99.67665544141191
VIN_0048,46.085342598862105,0.13733641313119987,25.61130301449425,97.45677711876733
VIN_0049,48.12874333012939,0.5090551060512454,24.850869837472825,95.94992451337143
VIN_0050,46.96399017120604,0.1523905557580625,26.834208766412893,100.3637899862481
VIN_0051,33.262863255939145,0.17512079867562122,27.13544551053754,97.93498012109
VIN_0052,44.52907840468069,0.3988153303151298,28.509919591046486,98.4259469516598
VIN_0053,51.72773873273078,0.15995227340689613,26.006420789185313,95.18973066179754
VIN_0054,61.62877514290875,0.1771236842720843,25.994510875811958,101.41074224157731
VIN_0055,63.74505986426629,0.0,23.538182979596552,95.69711123633736
VIN_0056,40.03764705589212,0.265359371963804,24.567353416937387,98.88174845061788
VIN_0057,66.17487869527505,0.13567092889682408,25.857288125717393,94.91962739929934
VIN_0058,42.48961164987288,0.1673002366172288,26.476704993085853,100.26700284012668
VIN_0059,34.165746976529036,0.23737244718225894,25.47741956613666,97.00241274422669
VIN_0060,59.48959181530308,0.12278996401584824,28.755353538673432,99.25778523325546
VIN_0061,41.8822946143752,0.24927260413018476,22.61390155695487,95.48749639138832
VIN_0062,61.47130951783868,0.16008415414605495,25.73611363337075,98.79009741486321
VIN_0063,54.65073487544204,0.5223290531771156,23.93568443691973,96.36952933373333
VIN_0064,58.86092260681223,0.07003629017562751,27.068218006535975,95.56051210071956
VIN_0065,49.21238461358401,0.1856131300869543,25.061763898457084,99.25109017275835
VIN_0066,59.23710777363233,0.3303818205273029,23.98910601876762,98.37331501946585
VIN_0067,63.426950979855036,0.13374304748098417,24.265691513779387,100.36671158380419
VIN_0068,29.06489242592513,0.23730453354075376,24.98534656267194,101.69297522128737
VIN_0069,50.459494367936706,0.22764661534537362,25.63940900323345,98.79636616304383
VIN_0070,40.216981658080726,0.03729315529902205,25.286091390328053,93.25409914456154
VIN_0071,60.96630293570609,0.16844055606056288,21.62203917012445,96.85780772785886
VIN_0072,56.31936582000939,0.3306292049979872,28.16489317837776,94.86085812260174
VIN_0073,53.567008037902475,0.2703956461418694,21.87605123888574,98.71436993061297
VIN_0074,56.185127516703375,0.18977712264401156,25.36607828846843,98.6540207732613
VIN_0075,50.84364029727848,0.3535662648959984,26.07126906575385,93.67018876408073
VIN_0076,65.61870732680953,0.19476399724566645,26.43576618022136,96.94862299205097
VIN_0077,58.819076153181484,0.3008109826861702,23.30818650635605,97.4873607093695
VIN_0078,42.53668403652067,0.25170090384969646,25.423036780644008,100.32084806359063
VIN_0079,46.306382177458545,0.3078280427153434,25.495352775776222,99.82008819483376
VIN_0080,54.72934003609785,0.11898242456860497,24.139268865864523,98.7065772259263
VIN_0081,55.45331119615774,0.11594147542973052,25.456106312174335,97.77688083275008
VIN_0082,42.13854172831973,0.26863197605080885,26.98414520976386,95.54637162383032
VIN_0083,43.098902495076146,0.15225433378961803,23.102793292782856,95.99960876246956
VIN_0084,75.59298041810143,0.09592194558634437,24.861662326469343,95.25158662877747
VIN_0085,45.49466526603852,0.25236597161113766,26.403900344597982,100.2900421665044
VIN_0086,47.920841323685345,0.2632304902883644,24.915455015576278,98.56864283118416
VIN_0087,48.914039102237204,0.0,24.210726512225268,99.27586579802895
VIN_0088,59.09668575847429,0.1843514925139785,24.475159502754842,100.44173687908723
VIN_0089,67.19191551446585,0.12773286857832533,26.42500203453786,96.10811551640974
VIN_0090,35.197513245895465,0.23232074403979946,24.0536043721345,95.73102054085295
VIN_0091,46.99514547005451,0.22684567059807104,20.924913066281846,99.62796382135767
VIN_0092,38.22019523505196,0.5080995592626752,23.412726505444727,95.6062971095153
VIN_0093,53.48241628865051,0.26539890491861085,26.71831819849506,97.25089196396375
VIN_0094,52.698192917762135,0.12751243584476704,26.04814324157723,98.03269463250417
VIN_0095,30.484970521120754,0.4014835844875382,26.161737529014207,98.78516410749724
VIN_0096,50.784034772754985,0.20502790707112292,25.37065376341905,96.32731736518684
VIN_0097,38.281629460000474,0.05328761208610522,26.14312592569326,100.68277087170758
VIN_0098,44.59825221403728,0.2226930736178913,23.279721164414763,96.91325140008138
VIN_0099,62.64987387227839,0.25666552211565424,23.77072539373039,100.99019102911892
VIN_0100,34.79827547310333,0.34570689429904355,23.864074229038415,96.08913657916312
VIN_0101,57.9831721351087,0.25912882801165044,25.833557861119257,97.46612390289376
VIN_0102,42.65998226261701,0.31339352997160247,22.237775081551813,92.98743316096687
VIN_0103,52.307791333042715,0.10723609595745882,24.47509826689111,96.6674577347387
VIN_0104,49.1449899631063,0.26791729980849277,20.73750574889293,98.04282603346313
VIN_0105,63.65904056628976,0.16672573653661946,24.22179071477074,97.06466527835397
VIN_0106,37.221684656394345,0.18245868987738248,23.208846507316217,95.60414619636089
VIN_0107,40.39732345463179,0.304403468117051,20.66305186239891,99.25859830050892
VIN_0108,43.300479658577686,0.4209550639877791,26.86721915041548,99.71587028239368
VIN_0109,50.94722173757072,0.21445590969571407,26.873793942693535,99.04324019010204
VIN_0110,54.25763019907111,0.20404913978329467,25.33459611372547,97.52750216056857
VIN_0111,70.96335046894005,0.01774140378474312,24.606514217821335,96.04141250376374
VIN_0112,43.500172070378916,0.15276433808129689,25.34483487365228,99.7633430852407
VIN_0113,52.131949382195934,0.13390815300555298,26.30159708747945,101.56927416864414
VIN_0114,37.75263115927654,0.14865822836967096,24.483405438046457,99.98837709421935
VIN_0115,49.31762892016928,0.009853483531115231,21.482179107549502,99.17599135812624
VIN_0116,48.2984675454463,0.25464920172862465,25.047718490997624,99.7161787718979
VIN_0117,58.417546300455804,0.2716398567560955,25.509489570436823,100.17081497668083
VIN_0118,45.27621483879599,0.09651869088196517,28.607043215518665,97.03767245760191
VIN_0119,48.755072676625076,0.27640151696353144,24.691749991297698,97.11998838580713
VIN_0120,55.4037998279711,0.151601145417061,23.742631583241554,95.47943136772551
VIN_0121,52.79814724157196,0.2556018570409566,24.64572593024438,96.51898208864407
VIN_0122,70.7168904575534,0.38191625840792565,22.87595004041949,98.3865407025832
VIN_0123,59.83995810589839,0.08890465837128612,21.32596485858177,98.97510477394484
VIN_0124,49.070538145631474,0.16899849798685648,24.82741668254938,100.54991013233246
VIN_0125,68.77111319494215,0.10758132664884328,24.16879516608078,97.38323685812739
VIN_0126,51.88375883676718,0.156702609397225,27.140665280510486,98.29562459759443
VIN_0127,30.61418652450748,0.22543169336285,23.514657821191697,96.19763943393046
VIN_0128,74.22959028830981,0.3488160965693531,22.257012216330708,101.67934985818341
VIN_0129,51.47498176060048,0.087191456121758,28.674368478513475,101.26349609382453
VIN_0130,49.40394580095652,0.22504210901939978,26.86965223422298,100.38919272844984
VIN_0131,38.35941113405063,0.2983774218241377,25.111219878031296,98.67042557960167
VIN_0132,42.21413715826664,0.21130599022638188,27.543837884829323,97.01216629292412
VIN_0133,51.01525281946789,0.09347281596464248,20.50552891290539,96.15182485014186
VIN_0134,49.55462908396403,0.14893600347061836,24.07055436212333,98.36982665200068
VIN_0135,40.3430642124852,0.20889565598608326,22.73290957419378,96.76474820880017
VIN_0136,41.70735751768068,0.056415822759585454,25.780595953049485,99.45193125929077
VIN_0137,55.55394494883833,0.2516162901256349,24.544819747956304,99.26060061738073
VIN_0138,41.75540471740891,0.32726069256376766,25.3440814049923,95.52759319152322
VIN_0139,67.72488567229041,0.26655134246690754,23.474798303633236,96.67074205910258
VIN_0140,54.990239247399906,0.16365219811370169,18.584248295931573,97.98361061291199
VIN_0141,52.660148585991905,0.2752088012467948,26.203596740903368,97.15512486652491
VIN_0142,26.263968906471288,0.2917950086368076,20.655407445615204,95.65969597503312
VIN_0143,65.53260746139688,0.1761445882378569,25.848422717278265,101.3018010594359
VIN_0144,51.80229328752676,0.1049084596120196,25.802472419371327,98.0914330025743
VIN_0145,54.11445450637115,0.33140928141885795,24.582266018821002,95.82631076306305
VIN_0146,26.42983320959069,0.013396734811792793,21.78604838503334,98.64622288036017
VIN_0147,26.180789554355293,0.09973922606194474,22.05636758490111,98.7153060620005
VIN_0148,41.718755981936724,0.29712057634475275,24.568791753029533,98.11301415312967
VIN_0149,45.88047963376936,0.25845250107403084,25.44800021771475,99.43497766812466
VIN_0150,47.70927891292531,0.2095499222785236,26.758336607685763,95.55344895082114
VIN_0151,54.294897568147604,0.14230366139893924,27.844769724081715,100.9530120007857
VIN_0152,55.41800926277372,0.21891255198256815,28.003101959696686,98.29621813367311
VIN_0153,44.60240165805617,0.3189558381144196,23.046492311050805,96.4339828417514
VIN_0154,60.841698067707625,0.12041824893979997,25.035265110740124,99.9014373849563
VIN_0155,52.8323635885968,0.1671060184465638,25.307074967368635,97.31274948477743
VIN_0156,49.270997139871305,0.2428763685603074,24.52782266044534,101.23810018316952
VIN_0157,53.43056683782967,0.20194961369653405,22.61171353997581,99.4854170027517
VIN_0158,61.00206693350902,0.29968176019768855,26.243170362268515,94.80833328915534
VIN_0159,58.127668551884184,0.08468509741083696,24.639597205505318,99.72469073982826
VIN_0160,49.155617500596755,0.17656875472808375,25.670753657073288,96.1456382310835
VIN_0161,55.88855012774594,0.3902333235901019,24.859666541927574,99.84737589515646
VIN_0162,63.596146421694506,0.19505246767903953,24.827741188024895,96.81801350131376
VIN_0163,41.285954545882745,0.2307831313923338,25.3534693334253,96.12438413559609
VIN_0164,63.04852625157103,0.05491622520740366,25.508458001371107,90.04677828771031
VIN_0165,42.527507375507824,0.22614217458008498,21.8185399051594,95.84356684082206
VIN_0166,61.14906210165394,0.13846879802138917,23.58262924459345,96.62048180807892
VIN_0167,38.89918646433148,0.1744331571348323,25.57518446325386,101.44632535358272
VIN_0168,50.8994453793438,0.23817716361957655,23.0937025265041,95.54526627265454
VIN_0169,39.89178254084116,0.0773696697129876,26.052008063743305,100.71690803083735
VIN_0170,53.333965036268886,0.3541576508031843,27.752056951122533,97.88833158344876
VIN_0171,38.959821336495445,0.039379835589478024,26.215473916311097,95.65371053801573
VIN_0172,54.98123477567188,0.23774476369848863,26.094564755429406,98.8732189432336
VIN_0173,31.06380926770897,0.2926749114753049,26.494197304022094,99.22800701860885
VIN_0174,40.13106162566256,0.07201180774930213,21.089700394097804,98.69936175541723
VIN_0175,48.76806730370025,0.33026906903125397,22.95769975396764,97.62922419709295
VIN_0176,48.83536932266196,0.0,29.68066913822912,102.49349592927172
VIN_0177,50.08644102632524,0.2419994291488403,24.477337122497158,99.48967524640393
VIN_0178,62.7681694222584,0.32917551307797704,19.415424676700482,96.00640012207161
VIN_0179,46.623781133631994,0.44635094132443953,28.56009698943988,101.31523687279473
VIN_0180,50.16681492481879,0.07646337308886607,23.13658457347996,99.24493268918073
VIN_0181,52.60871487229682,0.16787178230598254,25.234191975496714,98.8888657312955
VIN_0182,34.06730905241643,0.3965180588445415,24.01218423534078,96.9132120469624
VIN_0183,40.724225258819004,0.04686865675113033,24.404521052424528,97.97377551434587
VIN_0184,34.299696965089694,0.2928696228473581,24.457812394897374,97.22589630005093
VIN_0185,48.38464462794957,0.13667730587297727,26.791089203475664,96.23174205106875
VIN_0186,53.30368967315231,0.0,24.210632045887873,97.11162276365191
VIN_0187,54.502557811241346,0.025023932450864678,24.163551567535748,97.19835160903227
VIN_0188,32.33948448601009,0.24627266981636187,20.335200018949593,100.5514445447157
VIN_0189,35.78483655986047,0.005095617575775757,25.217212803617073,98.09497991660447
VIN_0190,59.47791866220842,0.3768719183835607,26.395712447430505,95.18513848164545
VIN_0191,48.26638994386627,0.16096988843573862,26.29355277635149,97.4265535699316
VIN_0192,46.23134055487436,0.17839606276064518,22.057367721772998,96.87270748750403
VIN_0193,49.14238245453414,0.2588418585150238,22.030835956151233,99.74320802306298
VIN_0194,56.70284265900161,0.31236231093019956,27.93551466569681,99.72203678533722
VIN_0195,69.28589793752352,0.14408471737562636,26.242373189924756,97.63720653529673
VIN_0196,67.09898163432291,0.2686565373797126,26.573989790157935,99.52730425896458
VIN_0197,48.99836265995823,0.05875279337429756,23.47264559225636,101.36870372173465
VIN_0198,55.51840189942115,0.07633144936342028,25.264417411070117,97.68525649611547
VIN_0199,43.702736072748,0.16224908290163387,26.956401738111676,97.48063283253293
VIN_0200,40.53603863805012,0.25171453436412844,24.792739726115222,98.85039628082134
VIN_0201,37.171574749444574,0.13623875000924018,26.741792846057326,98.1853716201301
VIN_0202,45.41513807584026,0.06442465237296979,20.95752663265454,95.77236185894299
VIN_0203,47.238861068851996,0.21776023429578747,24.72980339916151,100.02825029758168
VIN_0204,32.543246089108194,0.21024177207372183,29.193370510085664,97.09144895557239
VIN_0205,48.87155713878205,0.24806725635464072,24.653921844484785,99.06852518324128
VIN_0206,42.57014766064091,0.10804606693721137,22.41516886839525,98.53784151248453
VIN_0207,71.7896699755116,0.2313690621715861,25.974856346897745,99.3312512723196
VIN_0208,53.963965048937546,0.20589610123761015,27.11972392880029,98.5577777050261
VIN_0209,54.378979836193494,0.20496118839999958,20.744576602828435,100.1703615727325
VIN_0210,48.983571531939276,0.33898835820904244,28.685501849309723,100.47901678981933
VIN_0211,28.889638294330222,0.266230741829395,23.383721901453065,99.38508034374449
VIN_0212,50.59580739848272,0.11758833275785655,22.39046805856438,100.39023809208074
VIN_0213,62.0499647860549,0.16979648923015853,21.90507940151371,102.15012664129713
VIN_0214,48.12002666247059,0.1165371578753342,23.42956933145081,97.85008670138045
VIN_0215,32.25747756263014,0.3642368693404935,25.029859226746513,98.00231783067751
VIN_0216,57.30216631178103,0.08084154636643937,24.437183091246016,95.6240404097297
VIN_0217,56.84086509925274,0.497338558564208,24.861896015897813,99.78647549051946
VIN_0218,53.652224261142635,0.03972089945058188,27.352915991219533,95.68430247151488
VIN_0219,65.3740518993691,0.34160191405445295,24.409805274350774,97.604964987361
VIN_0220,52.189231251398645,0.3515928048045487,24.86781368430319,98.37489533259041
VIN_0221,37.09887232544463,0.2420396384054493,22.889143225871464,98.74356443515914
VIN_0222,33.413748179599125,0.05764100072486661,26.819964557022992,96.65917842379281
VIN_0223,69.48715854245242,0.3763298149359875,24.99587899211467,98.93492837008985
VIN_0224,51.73742138073135,0.3132061516046566,25.31278743838113,100.2551192650743
VIN_0225,71.56011297964308,0.28966439148386824,23.629843012758283,97.42916574887474
VIN_0226,39.319936130437654,0.18997653683484453,23.85624696858083,98.44978150205979
VIN_0227,51.93179453018272,0.35271182043973354,26.574657717150725,96.03795164650238
VIN_0228,55.649998292761964,0.12869169080452803,26.253391046029602,96.76073126887395
VIN_0229,56.18923922419043,0.11892981595981544,24.338839157466946,99.8298016349911
VIN_0230,45.17793323230092,0.16932612788937834,25.713976200233155,94.89351752559391
VIN_0231,44.86356208673079,0.4158917605997057,26.417659763043623,97.78434903159663
VIN_0232,49.19187129513994,0.16340788033041972,26.292310859376887,95.32551433680425
VIN_0233,70.06177345156296,0.2960204716910205,24.197413494587412,96.91293145665985
VIN_0234,43.93401024486231,0.31566571316975667,23.144803599326085,96.40128257781768
VIN_0235,35.245142591711016,0.2425266457952433,25.53134276188328,98.31947831964463
VIN_0236,48.072565743638805,0.19770933662797902,25.509387007300273,98.18688104777382
VIN_0237,32.40707246017692,0.23442047562392077,24.098487397161055,98.05328097514362
VIN_0238,50.06461774361072,0.21753737296206516,26.624658169169354,102.80864544783611
VIN_0239,42.22042011850362,0.22279946174927687,26.265488451044888,98.41249815399331
VIN_0240,43.97092532875389,0.4025454672784148,24.90775640951281,99.0744598488985
VIN_0241,54.11983706081686,0.16811131643970262,24.546485181079543,101.96713006385014
VIN_0242,70.1324807236642,0.3103567306773691,21.42548893983774,99.11988462592963
VIN_0243,37.81905815234901,0.28987553549122763,22.848450567842487,98.01630607070237
VIN_0244,47.79080386789879,0.1616751716010214,25.11573329818815,96.01470648139568
VIN_0245,33.38136149716994,0.22775691210760518,23.857453713584423,97.45797121440921
VIN_0246,45.90430953688062,0.15782893233215303,25.88013181078828,99.22679644137354
VIN_0247,66.40796586826237,0.18599613068001947,23.99583869902647,98.5118500812672
VIN_0248,35.90916427633786,0.2892955724676638,22.231354332050064,96.35340366431733
VIN_0249,28.298048346783332,0.07690007156963088,25.146135764055902,95.83278079968694
VIN_0250,50.56452633281526,0.14460863199223722,24.943392202562432,96.64267624558948
VIN_0251,48.44305165058559,0.0803785382289934,23.92413372212794,100.51988521518194
VIN_0252,42.02431098629873,0.10307910703597131,19.81206332178173,97.07695271150763
VIN_0253,29.125139893780656,0.25260180307226127,22.364838989007097,95.09631959182069
VIN_0254,53.679238133977556,0.3350134795456896,26.6803587672623,100.19708854569694
VIN_0255,32.11809951988354,0.22106464825482616,27.51632539108358,98.1502736893945
VIN_0256,57.12244795492148,0.24998522516904603,27.392398305922324,102.25135173134643
VIN_0257,44.1102076096115,0.2803290924946624,26.5887159912842,99.33558927129438
VIN_0258,49.92086696743645,0.21241541012043394,24.649294928202416,99.50825893571852
VIN_0259,51.92031958674043,0.22313435184637626,27.68147372091951,99.85712637913592
VIN_0260,36.76016912749042,0.10576562784689159,22.820201056727193,97.08728362129433
VIN_0261,48.03206130531691,0.08528756792765008,25.696864074091987,98.96059803626486
VIN_0262,44.677648925517296,0.015477847771989989,22.31572578264486,92.22809363661317
VIN_0263,46.5854700642292,0.184786235733394,26.326171609385867,99.27657672962063
VIN_0264,52.1645862091976,0.14972170529798517,21.929163890521785,94.66189587029123
VIN_0265,55.5834131144629,0.20951968590598052,25.799575466154657,97.8983991169024
VIN_0266,44.76812324237064,0.38380207159393676,26.018603722811932,93.80585140606512
VIN_0267,41.402139448981735,0.22385357752164367,25.096932113441543,98.430399135973
VIN_0268,56.1401925251569,0.16842928646180136,25.287884353093258,96.98607983096979
VIN_0269,65.54387683451577,0.08765785174374158,22.900319329273678,97.87230338024328
VIN_0270,49.436904624582006,0.3206037689113858,23.40639236223415,99.78160569902067
VIN_0271,56.988414874864965,0.3586758409085572,28.78227642534796,96.43209046176905
VIN_0272,52.481200977056346,0.11187197918316867,26.991569100608885,96.14581799199337
VIN_0273,58.54880213169942,0.14282786106709006,25.692946383166493,95.55834872743912
VIN_0274,72.32966038190665,0.20032249750421247,24.604373046659884,100.01672584413879
VIN_0275,44.49950005057385,0.07820318654139516,24.836220978932204,95.02193465751405
VIN_0276,47.64766055386871,0.1331936237765311,21.84060131081744,98.72167644998653
VIN_0277,46.62236220110328,0.18132840762711183,25.500062768523964,96.79489686936988
VIN_0278,46.51528981612064,0.21052794018493662,28.12076254204272,98.44850729552557
VIN_0279,55.75032213290217,0.3306535223941069,26.725648943709196,97.7188502570513
VIN_0280,47.58099375467418,0.1693029925624261,26.12307501630233,96.8985316390349
VIN_0281,54.5302138382108,0.1297273412198661,23.215517742638003,97.6667627417962
VIN_0282,41.819896189344824,0.12702994993658362,25.184585418581197,95.91739808064554
VIN_0283,40.228850087679646,0.11837276015872604,28.099105997607772,95.77173422507009
VIN_0284,55.01571708852731,0.2507144698398542,22.553830221184025,98.34206750164742
VIN_0285,46.89153628448311,0.2665997101537353,25.106444787224998,96.78863994735309
VIN_0286,42.635255148190325,0.3199086498290688,26.745725681671725,96.9386746711096
VIN_0287,47.971901739859526,0.1996446692259405,25.845307366276938,96.81690784483003
VIN_0288,44.21201306136258,0.37196036699028934,23.391145571612864,99.09641519662716
VIN_0289,53.94545173360741,0.035995277368893436,25.919355864428955,95.77756357090463
VIN_0290,32.610265330428184,0.20259228908936727,23.74588734526161,98.37541977876839
VIN_0291,60.59942656132655,0.39367983299527565,23.72359684280183,99.01196563580959
VIN_0292,72.47139562152746,0.06977942019018141,25.167891125027815,97.0450981295767
VIN_0293,65.6485448337491,0.24781627752548785,24.00038426211296,101.58213158510209
VIN_0294,60.51946906051516,0.17746350907059005,27.063996220438757,96.09877368963339
VIN_0295,31.758379846810605,0.25675554156416536,23.08866726003309,98.16606753321558
VIN_0296,49.98257625765295,0.09386822991309474,25.717269717925355,94.76624006132626
VIN_0297,59.78159164624104,0.2318155245502739,19.46358544373809,97.36976476140174
VIN_0298,51.23417891785419,0.3180295356843457,26.51456657067376,96.35573469047935
VIN_0299,50.38802647963225,0.22988263570329093,22.954173161630777,98.52551058492205
VIN_0300,52.09873178167712,0.26515365560192683,23.087936752614315,98.19613342942169
VIN_0301,60.16028072963377,0.30032962861272344,25.734865598101944,100.38799016820754
VIN_0302,58.160824295052066,0.2107965241158896,23.493414246409706,96.4580461420082
VIN_0303,66.28120638825615,0.41120808051748936,23.6557922195681,100.42645590398759
VIN_0304,44.42308524396498,0.1148910196615807,30.83272290754054,99.0272222396931
VIN_0305,45.91838804664216,0.09673439423421688,24.649258808683413,97.56956895263578
VIN_0306,43.66794998816973,0.05656683179385752,26.030574490075292,95.89772562152098
VIN_0307,43.88735500685747,0.12536295433215952,23.652092869163884,99.29188117917023
VIN_0308,38.13977788640238,0.1359647788045067,24.432386218811292,102.36199360730018
VIN_0309,56.36648675912429,0.2933669032844263,27.43350042961449,94.57690391735206
VIN_0310,47.31856144778413,0.22325368254068434,25.696501071930065,102.36785599734588
VIN_0311,45.44676057890806,0.3747238048493651,23.300334933830868,98.36064204502192
VIN_0312,35.338781005380774,0.2714892340720211,23.823790199180397,98.63159316861964
VIN_0313,43.943536870157594,0.1020504556618894,23.67948967443363,100.06727843198144
VIN_0314,51.64291980900355,0.1017512496094799,24.800687923225787,94.04060237672412
VIN_0315,39.73777770873134,0.0,27.543091735313723,102.21321694681723
VIN_0316,61.54877390520489,0.38587216598502677,23.29531175428606,97.63457204919685
VIN_0317,57.68402148206017,0.14331160513835997,26.17371681757802,97.07641042288631
VIN_0318,53.30475574699971,0.0325536137943985,25.04216827851996,102.3521963340051
VIN_0319,31.092320642559834,0.4126904048024804,22.0673125087614,99.34703773276532
VIN_0320,36.87025738130268,0.24833127762564516,22.174824119576684,95.2212166406747
VIN_0321,55.9146552813038,0.351057084511437,27.069117666138983,99.19932582749627
VIN_0322,45.56794345010448,0.24376884255058318,22.51748905026581,101.71334654849223
VIN_0323,63.317897440293294,0.03387169659828232,24.045911862204452,99.47195076132363
VIN_0324,39.3117323344103,0.3867730036649442,23.270477857179785,95.68689529336594
VIN_0325,50.21902037754361,0.2507280580355765,24.877721783504036,94.80246316573866
VIN_0326,58.37755348013838,0.1370238021302181,31.265520360017035,98.4778869230284
VIN_0327,57.680896651059115,0.1550720727615798,21.51168101409111,98.86612785252825
VIN_0328,59.82187828838343,0.18743824722876776,24.874726814653656,97.28285589442864
VIN_0329,47.434074187670355,0.1686635249709398,25.56125530525594,98.00576125175502
VIN_0330,53.643823403703266,0.19366768014996122,24.667642974660883,98.90917389130695
VIN_0331,71.12812284771408,0.14524327553888128,27.101335311641,97.45531753939039
VIN_0332,46.159386643407835,0.3078888834195354,22.356144650357347,99.80081306838814
VIN_0333,50.08613423779643,0.1536410021492757,24.404793385022742,97.71352449041377
VIN_0334,32.89590263376616,0.24409988438732363,22.384757471507505,98.11178421424364
VIN_0335,50.56382347655953,0.0,25.13056903758943,97.14323321279497
VIN_0336,67.39211746807341,0.2685694505117561,25.595505512453684,94.61664744025036
VIN_0337,65.12395496674152,0.4051741686781754,23.390301414060648,99.96153018874831
VIN_0338,45.484943160900684,0.16377294597543646,23.833354646363894,97.54390712236078
VIN_0339,49.938179253682335,0.25090849408158766,25.083582328935424,94.79559956081968
VIN_0340,54.05897195779085,0.08784076897140213,28.71312469683864,99.40997865529111
VIN_0341,56.47422352321203,0.1918640915685341,23.627666720929202,96.1930392172273
VIN_0342,45.79366103379541,0.17478604615952806,25.849071129252987,96.76623732721609
VIN_0343,47.38625998010849,0.36103088728761157,22.752230205494214,96.0023787326928
VIN_0344,56.05732934330614,0.11425242297978018,25.918185431217072,93.7104637680637
VIN_0345,52.676396953442165,0.2578934278966516,25.295302091302176,94.78264701135272
VIN_0346,46.925271866819664,0.39831524749367747,21.144602671333175,94.80224787007124
VIN_0347,60.47353512138381,0.2574995391784889,25.274651649147053,99.27183648899816
VIN_0348,55.66309888434552,0.17094182418688775,21.6287097041872,99.61477023693604
VIN_0349,53.19481761568156,0.19754704946474852,23.324764009055915,97.60138865014717
VIN_0350,63.300056217473625,0.13910820917461428,25.062592003441438,98.97703793858307
VIN_0351,44.222242281914,0.06444133188450954,23.768536141261713,102.27488551060814
VIN_0352,63.17336431983964,0.2385842032020769,24.775743466670438,98.76082905102128
VIN_0353,51.133586732485306,0.1853210914550106,21.197890175627837,94.61663211770883
VIN_0354,72.27427559258797,0.31729634259608225,23.062060742105533,96.82943153941993
VIN_0355,61.13740648939749,0.13396452446055765,25.280106607096595,95.56671942015569
VIN_0356,47.64621370185603,0.2228315643502286,24.051283316139955,98.00122025473873
VIN_0357,46.156157077588276,0.12051908555428296,22.879354471932523,95.85187298604725
VIN_0358,55.97057621819326,0.2182151894000395,22.73360036882207,97.40774333515726
VIN_0359,49.05131440501202,0.2632127862735155,23.570810328822617,97.24775432151793
VIN_0360,63.49480682583689,0.13876370541704386,26.597209914245433,97.38683019741288
VIN_0361,39.50854640275521,0.35101190619253025,23.64370198296012,99.27356732843491
VIN_0362,61.227968504843716,0.35767921195267316,22.08160824667565,99.60039745919255
VIN_0363,53.23502854006952,0.20942050396848422,25.57522385108548,99.0858985845601
VIN_0364,50.68012093130654,0.21965162668527047,25.514746900669888,94.84007497986909
VIN_0365,52.93790959457117,0.0893300675947638,27.136349893025404,97.43246925340664
VIN_0366,42.06357660222689,0.14833595291922028,24.91154656343132,102.0340179083425
VIN_0367,41.62611316631515,0.2181585125732482,24.115308271283514,96.34727976167778
VIN_0368,65.7010379689,0.0,23.417309178815966,94.05452007628313
VIN_0369,44.88165919915418,0.2251159778090837,24.406277449303108,94.6183436415468
VIN_0370,48.89106611425534,0.23340269342168554,24.323546655420635,98.67429470833008
VIN_0371,44.78607628072994,0.18770154972888986,24.58091989921107,101.68174636742091
VIN_0372,39.72250583456502,0.1228292924225238,24.38401138493688,96.25765503677049
VIN_0373,49.66234128762737,0.00047142896889385,25.766758259191313,98.46602169732857
VIN_0374,51.70760698560659,0.1826455526046714,21.06177697355771,98.19266748422434
VIN_0375,63.18967366858646,0.10245859793867572,25.680061877779714,95.55199977661428
VIN_0376,50.62876979990189,0.4417897477581261,22.705617711608156,97.19187413308136
VIN_0377,40.04036452876639,0.31291559986334916,22.900432384043928,98.20641282243136
VIN_0378,43.445141312540926,0.17228715357204508,22.797949281142184,95.19868286729277
VIN_0379,45.483892606080445,0.29178575141979096,20.59257217521259,99.13777774007355
VIN_0380,48.184039528081065,0.2198373060555514,26.041641759803017,99.44170318043746
VIN_0381,47.86030727889932,0.21970336512590224,21.978148522688397,98.0092358200946
VIN_0382,44.78136779315666,0.3493572519327035,27.43741463416023,100.53940673130616
VIN_0383,58.847461180604085,0.08712375932205077,22.160928269442145,96.20123242581607
VIN_0384,46.44409028446236,0.0,24.47125148028012,100.65775245451917
VIN_0385,52.536139914204135,0.2593650297279972,24.608615373000383,99.70739530298232
VIN_0386,57.5714595100023,0.21875456607088337,24.549169968664206,98.71414335878129
VIN_0387,43.10694670576002,0.2741317859235273,25.195466588713064,98.15994079475844
VIN_0388,39.64251034003503,0.21976691281959845,26.08815414326496,99.29516482192982
VIN_0389,64.26671834653061,0.2542234409865628,24.521844986043227,98.50971868241726
VIN_0390,46.76537547504634,0.2045521032803269,24.937032554460117,96.21626652856119
VIN_0391,59.35642271549625,0.32999520847558805,21.332580774306358,93.72112797288352
VIN_0392,54.89145329613536,0.37468561518137444,25.4851683066155,100.89445151625092
VIN_0393,65.60179939146025,0.274316176428235,24.857109330860666,97.12755020454355
VIN_0394,37.00496594193253,0.24093891690022318,29.012005697743547,95.65765460746232
VIN_0395,26.504780190372685,0.3587137655557266,22.464923733171954,97.95697869665214
VIN_0396,51.61046709366437,0.26221817965620114,21.97905732885919,91.50925732324397
VIN_0397,44.010508019265956,0.17022612610273266,25.538729966823364,96.25690445173203
VIN_0398,46.82367971459322,0.3381305869632254,22.86439495258108,99.37620208047487
VIN_0399,55.23524892635634,0.1529007594788397,27.948047762410035,94.20260565400032
VIN_0400,50.32008348693336,0.07726884523723368,25.087768275741105,100.30781544908783
VIN_0401,50.96867387367192,0.21465657992803278,26.56983774654227,100.67045689979648
VIN_0402,33.55911695157617,0.3245791523268662,23.219308209591606,100.36216636653113
VIN_0403,58.54241362358169,0.20338637450969801,27.23111065313156,99.32437284615065
VIN_0404,55.89131059420616,0.3153600302065571,26.81839658465833,97.77954049219167
VIN_0405,60.45653459010813,0.05175056130241107,26.066923776152787,97.9199001183155
VIN_0406,69.84116571968701,0.061249437544328406,27.725804809554333,96.10235612967034
VIN_0407,39.70381143745357,0.3275292030616007,27.624339578183168,99.57539663504767
VIN_0408,56.257929565692265,0.1533812996775793,23.092648474941694,96.20242956663661
VIN_0409,53.1680712542352,0.12600928159705893,23.223645665637825,98.57058292940248
VIN_0410,49.72906588952804,0.19659504060349328,26.046118282627,103.17238909197938
VIN_0411,52.113724352188676,0.2570737642019658,19.991317284537345,98.75087807410401
VIN_0412,35.6621333844572,0.14255717478424001,25.48407787148507,98.75262970694675
VIN_0413,54.977867150922044,0.13546358116268148,25.990281315332933,92.53991419649853
VIN_0414,51.54051594740493,0.2829428953334187,25.401620231075363,99.26870016605572
VIN_0415,38.926473840129745,0.33531831914286836,26.352292946682955,95.00742098007717
VIN_0416,47.105547190912944,0.24876652750989292,23.778329858771052,94.85089067313783
VIN_0417,68.33599228761817,0.20418584404537418,25.364994724936444,97.90711400019721
VIN_0418,49.208288966513976,0.19651766909429907,23.426216145618664,97.73780445447599
VIN_0419,48.81185567028239,0.0,25.459201383109495,98.49385888801064
VIN_0420,44.80558441891213,0.01872606660718601,23.377550348789967,95.7656153352046
VIN_0421,49.055769695790914,0.20308108951766352,28.344063264024236,97.54162278046869
VIN_0422,28.54561914525228,0.2157759105970738,23.163957606123766,100.37617208329108
VIN_0423,25.339440205087538,0.4229547241500936,24.682794285846644,98.46531305831884
VIN_0424,50.37299546893862,0.22912931435333386,23.72115941435835,100.10892846980548
VIN_0425,54.69877452857661,0.3454422518282448,28.366156337987064,99.94224518212145
VIN_0426,43.33676994666604,0.1459697559547484,25.248565635549923,98.51561921717406
VIN_0427,39.92816416980429,0.15669212732742044,21.21469364489908,100.02078461900486
VIN_0428,39.178153265382726,0.10842257891126934,22.79172591689691,94.42221692248185
VIN_0429,36.993568880335516,0.23022854626232755,26.503602232785763,98.897752309814
VIN_0430,39.346247164578024,0.23721174835252076,22.274145431295008,98.02293008687128
VIN_0431,39.68092903396337,0.136522413959302,28.214381556869444,101.9374409118519
VIN_0432,48.273787542562,0.060978433320309916,20.18926463527331,97.45908211852867
VIN_0433,42.26281078122287,0.22684663705449645,24.08005478845736,95.9807829083639
VIN_0434,54.19122864911918,0.0,23.845386115665963,96.27211013150446
VIN_0435,50.362689170032894,0.44790119230318093,27.646926842791437,100.55903119718415
VIN_0436,56.182947083524745,0.27878167664732767,25.51787458691855,101.37159985655937
VIN_0437,47.192106787967994,0.23030866355115642,25.71323829545739,95.96116528406117
VIN_0438,45.27866127115007,0.41592448377012514,23.70877754994796,97.20056278966352
VIN_0439,39.77665332533997,0.36118867840113306,26.526943490523113,99.3273226465842
VIN_0440,62.133999662151396,0.13253332265416917,26.75570635949471,100.41905748681103
VIN_0441,47.15355808305069,0.18786194642512813,24.80075493826947,97.12357622922796
VIN_0442,43.219332814655054,0.2805233772587711,26.586439791369685,99.52405462284847
VIN_0443,67.83174302723451,0.4526784186856563,22.69249592912099,97.46421945411058
VIN_0444,59.01445031585193,0.07907310216218329,24.12411781298265,97.72780359937289
VIN_0445,37.1789413963179,0.12046833584155592,23.273700589167575,97.8377069101103
VIN_0446,34.32282308450824,0.11705875161516903,24.661748142202114,103.23964952278656
VIN_0447,39.28133468623907,0.3289602852020686,24.70509773168766,99.0926643846495
VIN_0448,40.688868676545454,0.1259794039365435,27.23460236773569,97.93645074200107
VIN_0449,49.23379693547501,0.271020585374409,25.10476421394958,99.6753471897079
VIN_0450,60.137042172132276,0.19806378234435051,22.558076593541127,97.7589662280618
VIN_0451,47.22317822592363,0.12750292127063517,21.689093857810605,99.65233259050167
VIN_0452,52.695805817785775,0.06220514392772819,23.86535262357316,97.46882393084383
VIN_0453,66.9357297447772,0.05431253535493985,25.806145923809776,96.77508626686482
VIN_0454,34.060012779538624,0.3012253898183773,25.344666554156657,95.51075639256506
VIN_0455,39.97387182517707,0.2703049114279461,23.80123437576232,99.2552168310034
VIN_0456,41.51117769730779,0.33328156323044433,23.645143805042945,99.24212991229649
VIN_0457,61.8889330505374,0.045986365314763716,24.073788933986386,100.28577325152946
VIN_0458,45.3567143996515,0.24759759554789276,23.185913909924977,96.9142351899081
VIN_0459,51.67982109688372,0.3401053808819854,28.287456284931206,96.94796529592418
VIN_0460,53.53334732432891,0.3318954932853102,25.492610389175987,96.85211775483144
VIN_0461,45.089025463853645,0.23268365885014913,22.013529778137002,96.86961957812531
VIN_0462,62.54892750210283,0.26697062567868485,24.01491922194529,97.5704236212766
VIN_0463,51.28524309582354,0.3513718216697865,25.421474334786577,94.76770017517818
VIN_0464,51.54799524699088,0.2573260575173091,23.382772449631695,98.06517524475764
VIN_0465,60.69132059319071,0.0,25.05690851337724,99.38628169967097
VIN_0466,47.214645604797155,0.23120432631335822,22.693168652929668,99.19608404054526
VIN_0467,47.384338960297036,0.2661297411111766,23.62269482236343,95.8544749226636
VIN_0468,54.13958130691972,0.4179064827020023,27.751566983788955,97.44734013233243
VIN_0469,50.490337006358395,0.2069031532174051,23.144533115847477,98.80201742134244
VIN_0470,54.664589386244806,0.10358796449487645,22.885777825967715,97.06463481489256
VIN_0471,47.74888069763313,0.23806148151242135,25.707047130715104,96.55201099800242
VIN_0472,43.24314489820718,0.05265227515442658,22.369814058129965,96.81267855659972
VIN_0473,52.002623274287686,0.2613354214933065,24.95323789173522,97.5133020291744
VIN_0474,47.95132099828116,0.24527247118334566,30.06599314313771,98.45378706918764
VIN_0475,40.86258207077753,0.23410432907626205,25.559655721091254,98.16639700098159
VIN_0476,55.91744441850449,0.33657316806633564,21.631827158702308,101.83491415048692
VIN_0477,50.68452741980626,0.09211155015103177,23.30499349194719,97.3671002059584
VIN_0478,46.02112897262413,0.3564856403422846,24.928194931303185,98.34050132768412
VIN_0479,46.26356511316674,0.19615784381349635,25.662026124399876,98.0778956749396
VIN_0480,50.57342101692817,0.31483966104612404,26.531359649161168,99.58379249172188
VIN_0481,57.94197047375303,0.028571829315569813,21.696695310137507,98.3791873693099
VIN_0482,52.52326476492149,0.0566114679731711,23.322929433668556,97.7119069288249
VIN_0483,57.305395699593156,0.1875163988429189,23.265033943623497,99.0717493670997
VIN_0484,41.66003490571714,0.12433655453467235,25.241447009901655,97.0042475222903
VIN_0485,48.47403080496728,0.21765445849171156,19.447299406734647,100.13168170879806
VIN_0486,36.83201925603332,0.19405579980169177,24.773808333259943,96.15694069246447
VIN_0487,41.47195474175592,0.23595852910300605,26.083980643767553,98.32581479779593
VIN_0488,52.59655871141615,0.1731671300180652,25.604646849577183,100.6202145070865
VIN_0489,33.74626837826655,0.187115266749272,25.816331541185864,98.30204069643479
VIN_0490,54.236650300217235,0.274180222281482,25.867092702754963,97.00871658280725
VIN_0491,61.84540646384872,0.26166913312677975,29.334177086669563,95.72142485533614
VIN_0492,44.42606399431005,0.28437416088888384,25.90464303852307,96.58489169418516
VIN_0493,30.97211907723688,0.2958890338717615,28.107651529715607,100.27130130718908
VIN_0494,43.07781945871203,0.04406742309272152,25.97230699781307,92.41945305005962
VIN_0495,58.542966630033945,0.16289343580309779,18.827750436974963,97.80284434961814
VIN_0496,49.23284912583599,0.12697826139122717,24.938698899913476,96.3583524655431
VIN_0497,36.153711704139866,0.06561140608793681,24.300828035163768,99.6737393390435
VIN_0498,33.65917779697624,0.25646983382442934,26.069244649170628,98.9155147995468
VIN_0499,70.8228684154064,0.059076679670769794,27.48695678197211,98.60603241617642
